Authorities,Postcode
2,AB11 5QH
2,AB12 3GQ
2,AB12 3LP
2,AB12 3TP
2,AB12 5YL
2,AB14 0LT
2,AB14 0NB
2,AB15 8QS
2,AB15 8RN
2,AB15 8RQ
2,AB21 0TA
2,AB21 0TB
2,AB21 0TD
2,AB21 7AQ
2,AB23 8BS
2,AB23 8UT
2,AB31 5AD
2,AB31 5AS
2,AB31 5ET
2,AB32 6SQ
2,AB32 6XA
2,AB36 8YP
2,AB45 2XR
2,AB54 4YU
2,AB54 7LQ
2,AB54 7LR
2,AB54 7NH
2,AB54 7NN
2,AB54 7NS
2,AB54 7UL
2,AB54 7UN
2,AB54 7XJ
2,AL3 7AW
2,AL3 7DH
2,AL3 8EX
2,AL4 0NJ
2,AL4 0NZ
2,AL4 0PG
2,AL4 0QR
2,AL4 0QS
2,AL4 8LA
2,AL4 8LL
2,AL6 0AB
2,AL6 0PG
2,AL6 0QA
2,AL6 9BY
2,AL6 9NF
2,AL6 9NS
2,AL6 9SG
2,AL6 9SQ
2,AL6 9SU
2,AL6 9SY
2,AL6 9TA
2,AL6 9TT
2,AL6 9TU
2,AL6 9TY
2,AL9 6HN
2,B14 4PP
2,B14 5QN
2,B16 0NU
2,B16 0PB
2,B16 0PF
2,B17 8ED
2,B17 8EE
2,B18 4JW
2,B27 6PA
2,B31 4UB
2,B34 7BS
2,B34 7HR
2,B36 0JE
2,B36 9AD
2,B37 5AS
2,B37 5AT
2,B37 5AU
2,B37 5ET
2,B37 6NF
2,B37 6PB
2,B38 0AD
2,B38 0AE
2,B38 0AG
2,B38 0BL
2,B38 0HH
2,B38 9EN
2,B42 1EA
2,B43 7BA
2,B43 7BD
2,B45 8UU
2,B45 9BU
2,B45 9LB
2,B45 9RR
2,B50 4PD
2,B60 4AZ
2,B60 4BA
2,B60 4BB
2,B60 4DA
2,B60 4ED
2,B60 4HH
2,B60 4HT
2,B60 4HX
2,B61 9EG
2,B61 9EU
2,B62 0HJ
2,B62 0NW
2,B62 8AT
2,B62 8TD
2,B63 1EQ
2,B63 1ES
2,B64 5QY
2,B65 0HF
2,B65 0LJ
2,B74 3EW
2,B74 4HH
2,B74 4HJ
2,B74 4HL
2,B74 4HN
2,B74 4HP
2,B74 4HS
2,B75 5SA
2,B75 7HY
2,B76 9BG
2,B76 9PG
2,B76 9PH
2,B77 1QL
2,B77 1QN
2,B77 1QP
2,B77 1QR
2,B77 5PS
2,B78 2ES
2,B79 0BT
2,B79 0BX
2,B79 9AA
2,B80 7DG
2,B80 7HD
2,B90 1NG
2,B90 3PP
2,B92 7PL
2,B92 7PW
2,B92 8JT
2,B92 9BA
2,B93 0BB
2,B93 0BL
2,B93 0BN
2,B93 0BP
2,B93 0EB
2,B93 8PW
2,B94 5JP
2,B94 5NH
2,B94 5NJ
2,B94 5NR
2,B94 5PB
2,B94 6AB
2,B94 6BP
2,B94 6BX
2,B94 6QY
2,B94 6RR
2,B94 6RW
2,B96 6EP
2,B96 6LP
2,B96 6QS
2,B96 6RN
2,B96 6RW
2,B96 6SW
2,B97 5PB
2,B97 5PH
2,B97 5TD
2,B97 6RG
2,B98 9AD
2,B98 9BD
2,B98 9BE
2,B98 9BJ
2,B98 9EX
2,BA1 8HG
2,BA1 9DE
2,BA10 0JS
2,BA10 0JW
2,BA11 5EY
2,BA12 6NE
2,BA13 4AP
2,BA15 2BA
2,BA15 2JF
2,BA16 9RJ
2,BA2 7BL
2,BA2 7DE
2,BA2 7DF
2,BA2 7GH
2,BA2 7GP
2,BA2 7GR
2,BA2 7RL
2,BA2 7TG
2,BA2 7TU
2,BA2 7WB
2,BA2 7WD
2,BA2 7WJ
2,BA21 5BQ
2,BA3 2RX
2,BA3 2UE
2,BA3 4BD
2,BA3 4PA
2,BA3 4PS
2,BA3 5SJ
2,BA3 5SQ
2,BA3 5UB
2,BA5 1PJ
2,BA5 1PN
2,BA5 3BT
2,BA6 9SX
2,BA7 7PF
2,BA7 7PN
2,BA8 0SD
2,BA8 0TE
2,BA9 8NJ
2,BB1 2BX
2,BB1 2EA
2,BB1 2LW
2,BB1 2NN
2,BB1 2NY
2,BB1 2PA
2,BB1 2PD
2,BB1 3NU
2,BB1 5QB
2,BB1 8NB
2,BB1 8QU
2,BB1 8QW
2,BB1 9BH
2,BB10 2LB
2,BB10 2LD
2,BB10 2QL
2,BB10 3RD
2,BB12 0EA
2,BB12 0EG
2,BB12 0RU
2,BB12 7NQ
2,BB12 9AR
2,BB12 9DR
2,BB18 6JH
2,BB18 6LF
2,BB2 5JA
2,BB2 5JL
2,BB2 7LB
2,BB2 7LE
2,BB2 7NT
2,BB2 7NU
2,BB2 7NY
2,BB2 7QA
2,BB2 7QB
2,BB5 2DL
2,BB5 2SF
2,BB5 3SW
2,BB7 4HP
2,BB7 4JH
2,BB7 4JL
2,BB7 9EN
2,BB7 9JL
2,BB7 9JQ
2,BB9 5HF
2,BB9 5HG
2,BD10 0NF
2,BD10 0TX
2,BD11 1JL
2,BD11 2BY
2,BD12 7AA
2,BD12 7DH
2,BD12 7DJ
2,BD12 7HL
2,BD12 9LP
2,BD13 1LY
2,BD16 3BH
2,BD19 6LW
2,BD19 6PH
2,BD19 6PQ
2,BD20 9HS
2,BD20 9HT
2,BD22 0NB
2,BD23 3TJ
2,BD23 3TQ
2,BD23 3UJ
2,BD23 4SN
2,BD23 4SQ
2,BD23 4SU
2,BD4 6NS
2,BD4 6QP
2,BD4 6QS
2,BD4 6RB
2,BD4 8LN
2,BD6 2HL
2,BH11 8NX
2,BH11 8TF
2,BH11 8TG
2,BH11 9NA
2,BH11 9NG
2,BH11 9RG
2,BH11 9SN
2,BH12 1ER
2,BH13 6JE
2,BH16 5BU
2,BH16 5EB
2,BH16 5EE
2,BH16 5EG
2,BH16 5EJ
2,BH16 5EL
2,BH16 5HR
2,BH16 5SG
2,BH16 5SL
2,BH16 5SQ
2,BH16 6AG
2,BH16 6AJ
2,BH16 6HQ
2,BH18 9JB
2,BH20 7JH
2,BH21 3RP
2,BH21 3RT
2,BH21 3RU
2,BH21 3RW
2,BH21 3RX
2,BH21 3RZ
2,BH21 5RZ
2,BH22 8SJ
2,BH23 6AW
2,BH23 6LP
2,BH23 7AG
2,BH23 7AJ
2,BH23 8JX
2,BH4 8JH
2,BH4 9HZ
2,BH6 4EW
2,BH7 7ES
2,BH8 0EE
2,BL0 0HH
2,BL0 0RX
2,BL0 0RY
2,BL2 4JQ
2,BL2 6QF
2,BL3 1PS
2,BL3 3DG
2,BL7 9PU
2,BL7 9QD
2,BL7 9QL
2,BL9 6SX
2,BL9 6SY
2,BL9 6UH
2,BL9 6UW
2,BN1 8YJ
2,BN1 8ZB
2,BN1 9QB
2,BN12 5BG
2,BN12 5BQ
2,BN14 0RQ
2,BN14 9JX
2,BN15 8RR
2,BN18 0SS
2,BN2 8DA
2,BN2 8LH
2,BN2 8RB
2,BN20 0DS
2,BN20 9HL
2,BN22 0DF
2,BN22 0JD
2,BN22 0JE
2,BN22 0JF
2,BN22 0LH
2,BN22 0LL
2,BN22 0QE
2,BN22 0QW
2,BN22 0TB
2,BN22 0XH
2,BN23 8BB
2,BN23 8HH
2,BN23 8NS
2,BN23 8NT
2,BN23 8NZ
2,BN24 6DX
2,BN27 4RJ
2,BN41 1AZ
2,BN41 1PB
2,BN41 1PE
2,BN41 1PH
2,BN41 1WF
2,BN5 9AG
2,BN5 9AW
2,BN5 9AY
2,BN5 9AZ
2,BN5 9ST
2,BN6 8QU
2,BN6 8TP
2,BN6 8XP
2,BN6 9JD
2,BN6 9JJ
2,BN6 9PL
2,BN8 4JE
2,BN8 4JF
2,BN8 4JL
2,BN8 4QR
2,BN8 4QS
2,BN8 5AE
2,BN8 6LJ
2,BN8 6LL
2,BN8 6PH
2,BR1 4BY
2,BR1 4EY
2,BR1 4JL
2,BR1 4JU
2,BR1 4QE
2,BR1 4QP
2,BR1 4QW
2,BR1 4RA
2,BR1 4RD
2,BR1 4RE
2,BR1 4SE
2,BR1 4SF
2,BR1 4SG
2,BR3 3BJ
2,BR3 5DE
2,BR5 4EX
2,BR6 7PJ
2,BR6 7QT
2,BR6 7SJ
2,BR7 6DN
2,BR7 6DR
2,BR7 6DS
2,BR7 6DW
2,BR8 7PD
2,BR8 7QH
2,BS10 6LH
2,BS10 6LU
2,BS10 7RU
2,BS10 7RZ
2,BS13 8AD
2,BS13 8AL
2,BS14 0PH
2,BS14 8TH
2,BS14 8TQ
2,BS15 1JJ
2,BS15 1PY
2,BS15 1SB
2,BS15 3AY
2,BS15 3BE
2,BS15 3BG
2,BS15 3BQ
2,BS15 8BN
2,BS15 8DZ
2,BS15 8EB
2,BS16 1BF
2,BS16 1JY
2,BS16 1LG
2,BS16 4LL
2,BS16 4LP
2,BS16 4PF
2,BS16 4PL
2,BS24 0BQ
2,BS24 0EZ
2,BS25 1NP
2,BS25 1PP
2,BS30 6LN
2,BS30 6NG
2,BS34 7QS
2,BS39 6TP
2,BS39 6TT
2,BS39 6TX
2,BS40 5TR
2,BS40 6BZ
2,BS40 6DA
2,BS40 6EJ
2,BS40 6EW
2,BS40 7UY
2,BS40 7XG
2,BS40 7XS
2,BS40 7XY
2,BS40 8QN
2,BS41 8NQ
2,BS7 0LN
2,BS7 0PT
2,BS7 0TS
2,BS7 0TT
2,CA12 4TB
2,CA14 4NZ
2,CA14 4RL
2,CA14 5RU
2,CA17 4LN
2,CA4 0PT
2,CA4 0PY
2,CA4 0SA
2,CA4 9QY
2,CA4 9RB
2,CA4 9RN
2,CA4 9RP
2,CA4 9ST
2,CA5 6LG
2,CA5 6LH
2,CA5 7DH
2,CA5 7DR
2,CA5 7DT
2,CA5 7EN
2,CA5 7JH
2,CA7 8HR
2,CA7 8HX
2,CA7 8JG
2,CA8 2JF
2,CA8 7AF
2,CA8 7BB
2,CA8 7BE
2,CA8 7BG
2,CA8 7LT
2,CA8 7NE
2,CA9 3BE
2,CA9 3LA
2,CA9 3NF
2,CB1 9BE
2,CB1 9ND
2,CB1 9NE
2,CB1 9SA
2,CB1 9SB
2,CB1 9YB
2,CB1 9YD
2,CB1 9YR
2,CB2 9BP
2,CB2 9BS
2,CB21 4TR
2,CB22 3AY
2,CB23 7PG
2,CB3 9EE
2,CB3 9LH
2,CB3 9LL
2,CB4 0DS
2,CB4 0FE
2,CB4 0FQ
2,CB4 0WS
2,CB4 1TU
2,CB4 1UN
2,CB4 2UA
2,CB5 8QY
2,CB5 8SA
2,CB6 1EF
2,CB6 2AX
2,CB7 4SW
2,CB7 5QQ
2,CB7 5SL
2,CB8 0SL
2,CB8 0UE
2,CB8 0UF
2,CB8 0UN
2,CB8 7BY
2,CB8 7LG
2,CB8 7LJ
2,CB8 7QL
2,CB8 8AG
2,CB8 8AQ
2,CB8 8QH
2,CB8 8QQ
2,CB8 8TY
2,CB8 8TZ
2,CB8 9BH
2,CB8 9DW
2,CB8 9JT
2,CB9 7RP
2,CB9 7XS
2,CF11 8TT
2,CF11 8TW
2,CF14 0LE
2,CF14 0SN
2,CF15 7UN
2,CF15 9HJ
2,CF15 9NN
2,CF3 2UZ
2,CF3 2WH
2,CF3 6LP
2,CF3 6XD
2,CF3 6XE
2,CF3 6XL
2,CF3 6XT
2,CF32 0BP
2,CF32 0QP
2,CF35 5AT
2,CF35 5AU
2,CF35 5BY
2,CF35 5DB
2,CF35 5EA
2,CF35 5HU
2,CF35 6EN
2,CF35 6NR
2,CF37 4HN
2,CF37 4HP
2,CF37 4HR
2,CF44 0LX
2,CF44 9QA
2,CF46 5BS
2,CF48 2HS
2,CF48 2SN
2,CF48 2UR
2,CF5 5QS
2,CF5 5QZ
2,CF5 6EP
2,CF5 6EY
2,CF5 6EZ
2,CF5 6HF
2,CF64 1TQ
2,CF72 8JU
2,CF72 8NX
2,CF72 9JU
2,CF72 9JX
2,CF83 1NF
2,CF83 4JG
2,CH1 4QJ
2,CH1 4QX
2,CH1 6BS
2,CH3 9PF
2,CH4 8LN
2,CH4 8RH
2,CH4 9AQ
2,CH64 1SB
2,CH64 3TB
2,CH7 4BW
2,CH7 5BH
2,CH7 5BL
2,CH7 5LE
2,CH7 5LL
2,CH7 5SF
2,CH7 5UB
2,CH7 5UG
2,CH7 5UU
2,CM1 4PR
2,CM1 4PU
2,CM1 4QJ
2,CM11 1HH
2,CM11 1HN
2,CM12 0TS
2,CM13 3XD
2,CM14 5NL
2,CM17 0LP
2,CM17 9JD
2,CM18 7HT
2,CM18 7JF
2,CM18 7JG
2,CM18 7JL
2,CM19 5EX
2,CM20 2QS
2,CM21 9HX
2,CM21 9HY
2,CM21 9JX
2,CM22 7AS
2,CM22 7DR
2,CM22 7PA
2,CM23 1HG
2,CM23 1JG
2,CM23 5LQ
2,CM3 1HY
2,CM3 1HZ
2,CM3 1PU
2,CM3 2BA
2,CM3 2JW
2,CM3 3AL
2,CM3 4BS
2,CM3 4BU
2,CM3 4LN
2,CM3 4LX
2,CM3 4PG
2,CM4 0EE
2,CM4 0JX
2,CM4 0PZ
2,CM4 9PJ
2,CM5 0JR
2,CM5 0TN
2,CM6 3LD
2,CM6 3PD
2,CM6 3PL
2,CM6 3PS
2,CM6 3TH
2,CM7 4PU
2,CM7 4PX
2,CM77 8QW
2,CM8 3EU
2,CM8 3LH
2,CM9 8HF
2,CO10 7EZ
2,CO10 7QU
2,CO10 7SP
2,CO10 8NX
2,CO11 1QT
2,CO11 2LS
2,CO4 0HG
2,CO4 9HD
2,CO5 0QB
2,CO5 0QE
2,CO5 0QG
2,CO6 1AS
2,CO6 2LD
2,CO7 6HU
2,CO7 6PA
2,CO7 7PS
2,CO7 7QJ
2,CO7 7QR
2,CO7 9LA
2,CO8 5AD
2,CO8 5AJ
2,CO8 5AN
2,CR0 0AY
2,CR0 3AF
2,CR0 3DH
2,CR0 4PB
2,CR0 4QE
2,CR3 0DA
2,CR4 1NT
2,CR4 1TL
2,CR4 1TN
2,CR4 4HN
2,CR4 4HU
2,CR5 1NB
2,CR5 1NE
2,CR5 2PL
2,CR5 2PP
2,CR5 2PQ
2,CR5 3BW
2,CR5 3HR
2,CR6 9AB
2,CR8 2JF
2,CR8 3JG
2,CR8 3PB
2,CR8 3PD
2,CR8 3PJ
2,CR8 3PT
2,CR8 3PW
2,CR8 3PZ
2,CR8 3QE
2,CR8 3QG
2,CR8 3QN
2,CR8 3QQ
2,CT15 7EH
2,CT15 7HJ
2,CT18 7AP
2,CT18 7AW
2,CT18 7EN
2,CT18 7HL
2,CT18 7JJ
2,CT2 9JX
2,CT4 5PU
2,CT4 6LY
2,CT4 6NS
2,CT4 7NL
2,CT7 0LB
2,CV10 0HW
2,CV10 0JH
2,CV10 0NY
2,CV10 0PB
2,CV10 0PD
2,CV10 0PJ
2,CV10 0PL
2,CV10 0QP
2,CV10 0SB
2,CV10 0TX
2,CV10 7PU
2,CV10 7QH
2,CV11 6QX
2,CV11 6QY
2,CV11 6RL
2,CV12 0NL
2,CV12 9JW
2,CV12 9JX
2,CV13 0BS
2,CV2 1NQ
2,CV2 1NR
2,CV2 1NT
2,CV2 1NY
2,CV2 1PA
2,CV2 2AD
2,CV21 4PN
2,CV23 0AQ
2,CV23 0SX
2,CV23 8TE
2,CV3 3GU
2,CV3 4FJ
2,CV3 6EA
2,CV3 6PJ
2,CV31 1XH
2,CV35 8AG
2,CV35 8JJ
2,CV35 8JN
2,CV35 8JR
2,CV35 8NH
2,CV35 8XD
2,CV35 8XQ
2,CV35 9DX
2,CV37 8AG
2,CV4 7AB
2,CV4 7DD
2,CV4 8AA
2,CV4 8AN
2,CV4 8AP
2,CV47 8HX
2,CV5 7NL
2,CV6 6DF
2,CV7 7HT
2,CV7 7HU
2,CV7 7JS
2,CV7 8AA
2,CV7 8AH
2,CV7 8AN
2,CV7 8AT
2,CV7 8DX
2,CV7 8HX
2,CV7 8LA
2,CV7 8RG
2,CV7 8RH
2,CV7 8RJ
2,CV7 8RL
2,CV7 8RN
2,CV7 9JT
2,CV8 1NQ
2,CV8 1NR
2,CV8 1PH
2,CV8 1PT
2,CV8 3BG
2,CV9 1RD
2,CV9 1RE
2,CV9 3ER
2,CW10 0HN
2,CW10 0HZ
2,CW10 0JB
2,CW10 0JS
2,CW10 0LD
2,CW10 9GG
2,CW10 9GS
2,CW10 9GU
2,CW10 9NG
2,CW12 3NB
2,CW12 3QE
2,CW12 3QJ
2,CW12 3QN
2,CW2 5QJ
2,CW3 9QJ
2,CW3 9QL
2,CW3 9QW
2,CW4 8HS
2,CW4 8NJ
2,CW6 9AY
2,CW6 9NN
2,CW7 4DQ
2,CW7 4DY
2,CW9 6NS
2,DA1 3LQ
2,DA1 3QU
2,DA11 9SN
2,DA13 0RF
2,DA13 0UF
2,DA13 0XF
2,DA13 9HP
2,DA15 8DP
2,DA15 8DW
2,DA2 7QG
2,DA2 8EA
2,DA3 7AN
2,DA3 7LA
2,DA3 8LD
2,DA4 9AA
2,DA4 9AB
2,DA4 9BA
2,DA4 9BJ
2,DA4 9BT
2,DA4 9HU
2,DA4 9JP
2,DA5 2BB
2,DA5 2BD
2,DD2 5EG
2,DD2 5EJ
2,DD2 5LF
2,DD2 5LG
2,DD2 5ND
2,DD3 0PE
2,DD3 9SZ
2,DD4 0QG
2,DD5 3NN
2,DD5 3NX
2,DD5 4HT
2,DD8 1SL
2,DD9 7TX
2,DD9 7UX
2,DD9 7YP
2,DE11 7BA
2,DE11 8ET
2,DE12 6BL
2,DE12 7AP
2,DE12 7DE
2,DE15 0DQ
2,DE15 0DR
2,DE15 0PR
2,DE15 9NN
2,DE21 4FW
2,DE21 4FY
2,DE21 4QX
2,DE21 4QY
2,DE21 4TB
2,DE21 5AU
2,DE21 5BA
2,DE21 5BD
2,DE21 7AR
2,DE21 7DN
2,DE22 2ET
2,DE22 2EY
2,DE22 4LU
2,DE22 4LX
2,DE22 4NH
2,DE23 2FP
2,DE23 4AP
2,DE24 3AA
2,DE24 3DZ
2,DE24 3EN
2,DE24 3EW
2,DE24 3JH
2,DE24 3LG
2,DE24 3LJ
2,DE24 3LS
2,DE24 9NT
2,DE4 4AF
2,DE4 4AJ
2,DE4 5AA
2,DE4 5AE
2,DE4 5BG
2,DE4 5FS
2,DE4 5FW
2,DE4 5GA
2,DE4 5GE
2,DE4 5HS
2,DE4 5HU
2,DE4 5JQ
2,DE4 5JS
2,DE4 5LH
2,DE4 5LN
2,DE55 4NW
2,DE55 4RF
2,DE55 5AH
2,DE55 5AL
2,DE55 5NG
2,DE55 6DA
2,DE55 7LN
2,DE55 7ND
2,DE56 2EA
2,DE56 2LL
2,DE56 2LT
2,DE56 2RF
2,DE56 2SD
2,DE6 2BN
2,DE6 2BS
2,DE6 2BW
2,DE6 2GA
2,DE6 2HS
2,DE6 3BJ
2,DE6 3BL
2,DE6 3BU
2,DE6 3FQ
2,DE6 3JU
2,DE6 4LZ
2,DE6 4PP
2,DE6 5AA
2,DE6 5BJ
2,DE6 5HG
2,DE6 5HH
2,DE6 5HJ
2,DE6 5JB
2,DE65 5AT
2,DE7 6DG
2,DE7 6DH
2,DE7 6DJ
2,DE7 6FT
2,DE7 6FY
2,DE7 8TP
2,DE72 3HB
2,DE73 6TQ
2,DE73 6TT
2,DE73 6UD
2,DE73 8BJ
2,DG14 0RU
2,DG14 0TF
2,DG7 3TJ
2,DG8 6TB
2,DH3 2AF
2,DH5 9RQ
2,DH8 8SG
2,DH8 9BA
2,DH8 9LZ
2,DH8 9SP
2,DL1 3LE
2,DL10 7QD
2,DL11 7QL
2,DL11 7UN
2,DL2 1SX
2,DL2 1TB
2,DL2 1TD
2,DL2 2PP
2,DL2 2UJ
2,DL2 3UL
2,DL5 6QG
2,DL7 0JB
2,DL7 0JD
2,DL8 3LX
2,DN10 4BE
2,DN11 9HA
2,DN11 9PJ
2,DN14 0EA
2,DN14 8EB
2,DN17 3AS
2,DN17 3AW
2,DN20 8SS
2,DN20 8ST
2,DN20 9EY
2,DN20 9HW
2,DN21 3JA
2,DN36 5PS
2,DN36 5RR
2,DN37 0JE
2,DN41 7QH
2,DN6 7EZ
2,DN8 4JX
2,DN8 5SJ
2,DN8 5TB
2,DN8 5TG
2,DN9 2EN
2,DN9 2ER
2,DN9 3DZ
2,DN9 3NT
2,DT10 2EW
2,DT11 8DD
2,DT11 8DE
2,DT11 9EH
2,DT11 9EW
2,DT2 7HL
2,DT2 7NQ
2,DT2 7PE
2,DT2 7PJ
2,DT2 8BG
2,DT2 8BJ
2,DT2 8DY
2,DT2 8NJ
2,DT3 5PB
2,DT3 5RS
2,DT3 5ST
2,DT3 5SU
2,DT3 5SX
2,DT3 6ED
2,DT3 6LQ
2,DT3 6NL
2,DT4 0ST
2,DT4 0SX
2,DT4 0SY
2,DT4 9DX
2,DT4 9DZ
2,DT4 9ED
2,DT4 9ER
2,DT4 9HG
2,DT4 9HW
2,DT4 9JB
2,DT4 9RZ
2,DT4 9SE
2,DT4 9XH
2,DT7 3EJ
2,DT7 3NF
2,DT8 3HP
2,DT8 3HS
2,DT8 3RJ
2,DT9 5QJ
2,DT9 5QL
2,DY10 3LP
2,DY10 3PB
2,DY10 4ED
2,DY10 4HS
2,DY10 4RB
2,DY11 5SB
2,DY11 5SG
2,DY11 5XT
2,DY11 7RE
2,DY12 2LU
2,DY12 2YH
2,DY12 3AF
2,DY13 9PA
2,DY13 9QR
2,DY14 8NR
2,DY14 9HQ
2,DY14 9PA
2,DY3 1LT
2,DY3 3DL
2,DY3 3PX
2,DY6 9XE
2,DY7 5LF
2,DY7 6SB
2,DY7 6SJ
2,DY8 2SB
2,DY8 2XY
2,DY8 5HU
2,DY8 5JP
2,DY8 5JR
2,DY8 5JT
2,DY8 5LS
2,DY8 5LT
2,DY8 5LU
2,DY8 5LW
2,DY8 5LX
2,DY9 0HS
2,DY9 0PP
2,DY9 0PR
2,E1 6AN
2,E1 6HB
2,E1 7HW
2,E1 7LP
2,E1 7LS
2,E1 8AA
2,E1 8AL
2,E12 5DG
2,E12 6JS
2,E15 1TE
2,E15 1TG
2,E15 1TQ
2,E15 1TZ
2,E15 2AD
2,E15 2AG
2,E17 3ED
2,E17 6HE
2,E2 7DJ
2,E2 7JE
2,E2 7JP
2,E2 8QY
2,E2 9AP
2,E2 9ED
2,E4 6JB
2,E4 7PX
2,E5 9BL
2,E7 0AS
2,E7 0AT
2,E7 0DZ
2,E9 5EG
2,EC1A 4JQ
2,EC1M 6EB
2,EC1R 5DL
2,EC2M 2TE
2,EH10 7DU
2,EH22 1RS
2,EH22 2NJ
2,EH23 4TE
2,EH26 8QJ
2,EH26 9LX
2,EH27 8BB
2,EH27 8DJ
2,EH27 8DZ
2,EH27 8EA
2,EH27 8EF
2,EH29 9EF
2,EH37 5TF
2,EH46 7BE
2,EH46 7HH
2,EH46 7HJ
2,EH47 9AD
2,EH48 3AG
2,EH48 3AW
2,EH49 7NU
2,EH49 7RH
2,EH49 7RQ
2,EH52 5PY
2,EH52 6QJ
2,EH53 0HT
2,EN10 6TA
2,EN10 7QA
2,EN11 0QW
2,EN11 0RZ
2,EN2 8AU
2,EN4 0NL
2,EN4 0PN
2,EN4 8HS
2,EN4 9EP
2,EN4 9HN
2,EN4 9LY
2,EN5 4AL
2,EN6 1EU
2,EN6 1HZ
2,EN6 1SD
2,EN6 1SL
2,EN6 3NB
2,EN6 4AA
2,EN6 4AG
2,EN7 5HT
2,EX1 3TG
2,EX1 3TQ
2,EX13 5UN
2,EX13 5UU
2,EX14 9RF
2,EX15 2BX
2,EX15 2DD
2,EX15 2DT
2,EX15 2EB
2,EX15 2EU
2,EX15 2EY
2,EX15 2HZ
2,EX15 2JA
2,EX15 2JE
2,EX15 2JF
2,EX15 2LR
2,EX15 3QX
2,EX15 3TR
2,EX16 8AN
2,EX16 8ER
2,EX16 8QL
2,EX16 9HA
2,EX16 9JH
2,EX16 9JJ
2,EX16 9JQ
2,EX16 9JS
2,EX16 9JT
2,EX16 9JU
2,EX16 9JX
2,EX17 4SJ
2,EX17 4TJ
2,EX17 4TN
2,EX17 4TX
2,EX17 5AR
2,EX17 5EE
2,EX17 6LA
2,EX18 7EH
2,EX18 7EQ
2,EX18 7RL
2,EX18 7SL
2,EX19 8HB
2,EX19 8PD
2,EX2 7JW
2,EX2 8TS
2,EX2 8XR
2,EX2 8XW
2,EX2 9SX
2,EX20 2AW
2,EX20 3EJ
2,EX20 4DE
2,EX21 5AQ
2,EX21 5JG
2,EX21 5NY
2,EX21 5TR
2,EX22 7ED
2,EX22 7JX
2,EX22 7LB
2,EX23 0HG
2,EX23 0HH
2,EX23 9PQ
2,EX3 0QQ
2,EX31 3LH
2,EX35 6NU
2,EX35 6NY
2,EX36 3LT
2,EX36 4SB
2,EX37 9BH
2,EX37 9BJ
2,EX37 9BN
2,EX37 9BU
2,EX37 9ES
2,EX37 9HR
2,EX37 9JN
2,EX37 9NB
2,EX39 4PR
2,EX39 4PZ
2,EX4 2HA
2,EX4 2JE
2,EX4 9HP
2,EX4 9JJ
2,EX5 4HB
2,EX5 4LA
2,EX5 4PL
2,EX5 4PW
2,EX5 5AG
2,EX5 5HY
2,EX6 6BG
2,EX6 6BH
2,EX6 6EU
2,EX6 6EY
2,EX6 6JJ
2,EX6 6JL
2,EX6 6NN
2,EX6 6PZ
2,EX6 7AN
2,FK1 2LA
2,FK1 2NL
2,FK1 3DZ
2,FK10 3QG
2,FK14 7JX
2,FK14 7NE
2,FK14 7NT
2,FK15 0NB
2,FK15 9JU
2,FK19 8QE
2,FK2 8RU
2,FK2 8RX
2,FK2 8RY
2,FK21 8SX
2,FK21 8TL
2,FK21 8TX
2,FK6 5JF
2,FK6 6RH
2,FK9 5QE
2,FY2 0GH
2,FY3 0AQ
2,FY3 0EH
2,FY3 7LT
2,FY3 7LU
2,FY3 7RG
2,FY3 7RQ
2,FY3 7SR
2,FY3 8FA
2,FY3 8FB
2,FY3 8FD
2,FY3 8FE
2,FY3 8FR
2,FY3 8QA
2,FY3 8QE
2,FY3 8QW
2,FY4 2RP
2,FY4 3AW
2,FY4 4XQ
2,FY4 5ES
2,FY4 5LF
2,FY4 5LG
2,FY5 1DL
2,FY5 3AP
2,FY5 3AR
2,FY5 3AS
2,FY5 3AU
2,FY5 3AY
2,FY5 3AZ
2,FY5 3BS
2,FY5 3BU
2,FY5 3BZ
2,FY5 3DH
2,FY5 3DL
2,FY5 3DP
2,FY5 3DT
2,FY5 3DU
2,FY5 3DW
2,FY5 3DX
2,FY5 3JN
2,FY5 3LE
2,FY5 3NA
2,FY5 3NJ
2,FY5 3NL
2,FY5 3PP
2,FY5 3TQ
2,FY5 3UD
2,FY5 3UH
2,FY6 7QN
2,FY6 7QP
2,FY6 7QX
2,FY6 8BT
2,FY6 8DD
2,FY6 8DJ
2,FY6 8DN
2,FY6 9BU
2,G23 5HE
2,G33 1RZ
2,G33 1SA
2,G33 1SH
2,G33 1SZ
2,G33 6GY
2,G33 6LY
2,G44 3HQ
2,G44 3LP
2,G46 8NP
2,G46 8NR
2,G52 4BL
2,G52 4RU
2,G53 7TG
2,G62 8LB
2,G64 1UN
2,G64 1UR
2,G66 8AL
2,G69 6UB
2,G69 9HR
2,G71 8BQ
2,G73 1DB
2,G76 8RU
2,G78 4DE
2,G81 1ET
2,G81 1EW
2,G81 5QR
2,G83 7DX
2,G83 8QZ
2,G83 8RZ
2,G83 8SB
2,G83 8SD
2,G83 9LX
2,GL11 5BY
2,GL12 7PX
2,GL12 7PZ
2,GL12 7QB
2,GL12 8DJ
2,GL12 8EY
2,GL12 8HB
2,GL12 8JY
2,GL12 8NA
2,GL13 9DR
2,GL13 9LA
2,GL16 7NZ
2,GL16 8NZ
2,GL16 8PB
2,GL17 0DP
2,GL17 0DR
2,GL17 0LR
2,GL17 0LS
2,GL17 0RF
2,GL17 9BH
2,GL17 9BQ
2,GL18 1JS
2,GL18 1NR
2,GL18 1NS
2,GL18 1NT
2,GL18 1NZ
2,GL18 1PB
2,GL18 2AR
2,GL18 2BS
2,GL18 2EE
2,GL19 3AZ
2,GL19 3BA
2,GL19 3BB
2,GL19 3BJ
2,GL19 3BN
2,GL19 3BT
2,GL19 3DH
2,GL19 3DQ
2,GL19 3NT
2,GL19 3NX
2,GL19 3NZ
2,GL19 4JN
2,GL19 4JW
2,GL19 4LJ
2,GL19 4LL
2,GL19 4LX
2,GL19 4LY
2,GL19 4NE
2,GL19 4NS
2,GL19 4NX
2,GL2 4RY
2,GL2 4XR
2,GL2 8AB
2,GL2 8JS
2,GL20 6AA
2,GL20 6HA
2,GL20 6HE
2,GL20 7EB
2,GL20 7ED
2,GL3 3QR
2,GL3 4BL
2,GL3 4BP
2,GL3 4GD
2,GL3 4GE
2,GL4 8HF
2,GL4 8HP
2,GL4 8JN
2,GL4 8JY
2,GL4 8LQ
2,GL50 4SJ
2,GL51 0SN
2,GL51 0SS
2,GL51 0SU
2,GL51 0SW
2,GL51 0XX
2,GL51 6RJ
2,GL51 9QN
2,GL51 9RS
2,GL51 9SL
2,GL52 3BG
2,GL52 3NE
2,GL52 3NQ
2,GL52 5DD
2,GL52 5DE
2,GL53 0QJ
2,GL53 9QQ
2,GL54 4ET
2,GL54 4HG
2,GL54 5AY
2,GL54 5HY
2,GL54 5RJ
2,GL54 5RU
2,GL54 5RY
2,GL54 5TH
2,GL54 5XX
2,GL56 0NL
2,GL56 0PG
2,GL56 0SL
2,GL56 0SP
2,GL56 0YG
2,GL56 9QY
2,GL56 9TL
2,GL6 0QA
2,GL6 7JB
2,GL6 8HP
2,GL6 8HR
2,GL6 8JH
2,GL6 8JL
2,GL6 8JQ
2,GL6 9AL
2,GL7 3AG
2,GL7 3HA
2,GL7 3QH
2,GL7 3QQ
2,GL7 4HE
2,GL7 5LG
2,GL7 5LH
2,GL7 5QH
2,GL7 6BA
2,GL7 6EQ
2,GL7 6LN
2,GL7 6LW
2,GL7 6ND
2,GL8 8QS
2,GL8 8QX
2,GL8 8QY
2,GL8 8XU
2,GL9 1AH
2,GU10 1JJ
2,GU10 1LZ
2,GU10 1NA
2,GU10 1PX
2,GU10 2PH
2,GU10 2PJ
2,GU10 4BW
2,GU10 4DF
2,GU10 4EJ
2,GU10 4EP
2,GU10 4EX
2,GU10 5AD
2,GU10 5DU
2,GU10 5DX
2,GU10 5EB
2,GU11 3BJ
2,GU12 5PP
2,GU16 7SG
2,GU17 9HA
2,GU17 9HE
2,GU20 6PQ
2,GU21 2SJ
2,GU21 2TH
2,GU23 7AD
2,GU24 0JD
2,GU24 8AR
2,GU24 8AU
2,GU26 6DD
2,GU26 6DH
2,GU26 6TR
2,GU26 6TX
2,GU27 1QE
2,GU27 1QJ
2,GU27 2EW
2,GU27 3AF
2,GU27 3AG
2,GU27 3BG
2,GU27 3QE
2,GU3 3PU
2,GU3 3RJ
2,GU3 3RN
2,GU30 7EQ
2,GU30 7LG
2,GU30 7LJ
2,GU30 7LN
2,GU31 5AR
2,GU31 5AS
2,GU31 5AW
2,GU31 5RE
2,GU31 5RQ
2,GU32 1HW
2,GU33 7JA
2,GU33 7JH
2,GU33 7JP
2,GU33 7JR
2,GU33 7JW
2,GU33 7NZ
2,GU33 7PB
2,GU33 7PJ
2,GU34 4DP
2,GU34 5QE
2,GU4 7PZ
2,GU4 8LZ
2,GU4 8QR
2,GU5 0BP
2,GU5 0BU
2,GU5 0DR
2,GU5 0QH
2,GU5 0SR
2,GU5 9EL
2,GU5 9EP
2,GU6 7SQ
2,GU6 8EY
2,GU7 1UP
2,GU7 1UW
2,GU7 2BW
2,GU7 2RA
2,GU7 2RG
2,GU7 3BU
2,GU7 3NP
2,GU8 4PJ
2,GU8 4TA
2,GU8 5EP
2,GU8 6AN
2,GU8 6AY
2,GU8 6BH
2,GU8 6BL
2,GU8 6LG
2,HA0 1DX
2,HA0 2SJ
2,HA1 3QL
2,HA1 3SZ
2,HA1 3TB
2,HA1 3TS
2,HA6 1QD
2,HA6 2AR
2,HA6 2PG
2,HA6 2PQ
2,HA6 3AW
2,HA6 3LB
2,HA6 3LG
2,HA6 3NZ
2,HA7 1EE
2,HA7 1EP
2,HA7 4LN
2,HA8 5EP
2,HA8 5JZ
2,HA8 5PG
2,HA8 5PQ
2,HD2 2EJ
2,HD3 3FD
2,HD3 3FJ
2,HD3 3FN
2,HD3 3FR
2,HD3 3SY
2,HD3 3TE
2,HD3 3YU
2,HD5 0RL
2,HD6 3QL
2,HD8 8YD
2,HD8 8YF
2,HD9 1TP
2,HD9 2TE
2,HD9 2TR
2,HD9 7TE
2,HD9 7TP
2,HD9 7TS
2,HD9 7TT
2,HD9 7TY
2,HG3 5JL
2,HG4 4AY
2,HG4 4BH
2,HG4 4BQ
2,HG4 4NH
2,HG4 4PF
2,HG4 4PJ
2,HG4 5LW
2,HP10 0JW
2,HP10 8AA
2,HP10 8AE
2,HP10 8AG
2,HP10 8DJ
2,HP10 8LN
2,HP10 8LQ
2,HP10 8LY
2,HP10 8ND
2,HP10 8NJ
2,HP14 3YE
2,HP14 4ED
2,HP15 6ED
2,HP15 6EW
2,HP15 6JA
2,HP15 6JE
2,HP15 6PE
2,HP16 0JA
2,HP16 0JH
2,HP16 0JQ
2,HP16 9LS
2,HP16 9NP
2,HP16 9PW
2,HP16 9QY
2,HP16 9QZ
2,HP18 9UP
2,HP2 4UD
2,HP22 5XL
2,HP22 6ER
2,HP22 6ES
2,HP22 6QH
2,HP22 6QJ
2,HP23 4LD
2,HP23 4NF
2,HP23 4NG
2,HP23 4PS
2,HP23 5QF
2,HP23 5QG
2,HP23 5RZ
2,HP23 6LJ
2,HP23 6LY
2,HP23 6NA
2,HP27 9QU
2,HP3 0PL
2,HP4 1ND
2,HP4 1NE
2,HP4 1NR
2,HP4 1QP
2,HP4 1RQ
2,HP4 2SZ
2,HP4 3UB
2,HP5 3PD
2,HP9 1JU
2,HP9 1TB
2,HP9 2AA
2,HP9 2AE
2,HP9 2LS
2,HP9 2LW
2,HP9 2QE
2,HP9 2XB
2,HR2 8RA
2,HR3 5AR
2,HR3 5RL
2,HR3 5RQ
2,HR3 6EU
2,HR3 6JH
2,HR3 6JW
2,HR5 3NZ
2,HR5 3PH
2,HR6 0HS
2,HR6 0RB
2,HR7 4PX
2,HR7 4PY
2,HR7 4PZ
2,HR8 1ET
2,HR8 1RR
2,HR8 1SD
2,HR8 2LF
2,HR8 2ND
2,HR8 2NP
2,HR9 5QY
2,HR9 7AH
2,HR9 7EB
2,HR9 7FA
2,HR9 7LF
2,HU4 7HJ
2,HU4 7HN
2,HU4 7NA
2,HU4 7ND
2,HU4 7QD
2,HU4 7QF
2,HU4 7RA
2,HU4 7RD
2,HU4 7RE
2,HU4 7RN
2,HU4 7SU
2,HU4 7SZ
2,HU4 7TA
2,HU5 4AD
2,HU5 4AE
2,HU5 4RP
2,HU5 4RR
2,HU5 4RT
2,HU5 4SH
2,HU5 4SL
2,HU5 4TD
2,HU5 4TE
2,HU5 4TJ
2,HU5 5EP
2,HU5 5SL
2,HU6 8SW
2,HU6 8TA
2,HX3 7UL
2,IG3 9AU
2,IG7 4JU
2,IG7 5JH
2,IG8 0JQ
2,IG8 0ST
2,IG8 8AS
2,IG8 8BH
2,IG8 8BX
2,IG8 8PX
2,IG8 9QL
2,IG9 5HZ
2,IG9 6HZ
2,IP13 7BH
2,IP13 7ND
2,IP13 7RR
2,IP13 7RW
2,IP13 8HN
2,IP14 2HX
2,IP19 0QG
2,IP2 0BT
2,IP2 0DH
2,IP2 9RH
2,IP2 9RJ
2,IP2 9XS
2,IP2 9XX
2,IP2 9XY
2,IP20 0HJ
2,IP20 9LD
2,IP22 2BW
2,IP22 2FF
2,IP22 2QA
2,IP22 2QB
2,IP22 4JB
2,IP22 4JG
2,IP24 2QE
2,IP24 2SF
2,IP26 4NQ
2,IP28 6HF
2,IP29 4AS
2,IP29 4AU
2,IP29 4SE
2,IP29 4SF
2,IP29 4TQ
2,IP3 8RA
2,IP3 8SF
2,IP3 8SZ
2,IP3 8TP
2,IP3 8TW
2,IP30 0AQ
2,IP30 0HP
2,IP31 2JZ
2,IP31 2LG
2,IP31 2LH
2,IP31 3RB
2,IP4 3NR
2,IP4 3PD
2,IP4 5QZ
2,IP6 9JS
2,IP6 9JT
2,IP6 9JX
2,IP7 7LS
2,IP8 4BB
2,IP8 4LH
2,IP8 4LJ
2,IV36 2QL
2,IV36 2TE
2,KA1 5LR
2,KA1 5NY
2,KA11 2AR
2,KA13 7QZ
2,KA13 7RL
2,KA13 7RR
2,KA2 9AJ
2,KA3 2NG
2,KA3 2NX
2,KA3 2PD
2,KA3 3EB
2,KA3 3ED
2,KA5 5TA
2,KA5 5TP
2,KA5 5TW
2,KA6 6AN
2,KA6 6AW
2,KA6 6ES
2,KA6 6EY
2,KA6 6HB
2,KA6 6HF
2,KA6 7EN
2,KA6 7HT
2,KT11 1EF
2,KT11 1EG
2,KT13 8GJ
2,KT13 8LG
2,KT13 8XY
2,KT14 6HJ
2,KT15 3JR
2,KT15 3QN
2,KT15 3QQ
2,KT15 3QW
2,KT17 2JH
2,KT17 2JW
2,KT17 2LR
2,KT18 6BH
2,KT19 9JB
2,KT2 5NX
2,KT2 5PB
2,KT2 5PD
2,KT2 5QY
2,KT20 7HP
2,KT20 7HX
2,KT22 0DN
2,KT23 3HY
2,KT23 4HH
2,KT24 5JR
2,KT3 4LU
2,KT3 4PA
2,KT4 7EW
2,KT4 7PU
2,KT4 7PX
2,KT4 8BT
2,KT4 8BU
2,KT4 8DQ
2,KT6 5DS
2,KT6 5DX
2,KT6 6ND
2,KY12 9UF
2,KY13 0LP
2,KY13 0PU
2,KY4 0HW
2,KY6 3JD
2,KY6 3JL
2,L10 1LF
2,L10 7LW
2,L14 5NT
2,L14 7NX
2,L14 7QD
2,L14 9NH
2,L20 1AB
2,L20 8BH
2,L20 8DF
2,L20 8DN
2,L20 8HE
2,L20 8HG
2,L20 8HJ
2,L20 8LN
2,L20 8NQ
2,L20 9ET
2,L20 9NG
2,L27 2YA
2,L28 4EA
2,L31 1HN
2,L31 4EW
2,L34 2RD
2,L34 2RH
2,L34 2RQ
2,L34 6JQ
2,L34 8HJ
2,L35 3SS
2,L35 6PG
2,L35 7JX
2,L35 8PT
2,L35 9JU
2,L36 2NP
2,L36 5UR
2,L37 0AA
2,L40 1RB
2,L40 3SA
2,L40 3SN
2,L40 3SZ
2,L9 8BG
2,L9 8BQ
2,L9 8HF
2,L9 8HG
2,L9 8HJ
2,L9 8HS
2,L9 8HW
2,LA12 0LA
2,LA12 0LG
2,LA13 0LR
2,LA16 7HA
2,LA17 7TU
2,LA2 0HB
2,LA2 7DL
2,LA2 7DN
2,LA2 8NZ
2,LA2 8PL
2,LA2 8PR
2,LA2 9AX
2,LA2 9DL
2,LA2 9DQ
2,LA20 6DT
2,LA20 6EF
2,LA20 6EQ
2,LA20 6ET
2,LA5 9RW
2,LA6 2DG
2,LA6 2JN
2,LA6 2NP
2,LA6 2PE
2,LA6 3LB
2,LA7 7BA
2,LD5 4TE
2,LD6 5HS
2,LD7 1DT
2,LD7 1DY
2,LD7 1EE
2,LD7 1LU
2,LD7 1NA
2,LD7 1TT
2,LD7 1YD
2,LD7 1YU
2,LD8 2HD
2,LD8 2HH
2,LD8 2HN
2,LD8 2LD
2,LD8 2PR
2,LD8 2SH
2,LE10 3AA
2,LE10 3AQ
2,LE10 3DD
2,LE10 3DP
2,LE10 3ED
2,LE10 3HZ
2,LE10 3JA
2,LE10 3JB
2,LE12 5BG
2,LE12 9AX
2,LE12 9GY
2,LE12 9RP
2,LE12 9TN
2,LE12 9XJ
2,LE12 9YB
2,LE14 2QX
2,LE14 3EB
2,LE14 3PD
2,LE15 7ER
2,LE15 7HQ
2,LE15 7SQ
2,LE15 8DP
2,LE15 8LX
2,LE15 9AQ
2,LE16 7QU
2,LE16 8LU
2,LE16 9HF
2,LE17 4HU
2,LE17 6BT
2,LE18 1HU
2,LE18 3TE
2,LE18 3TF
2,LE2 2FG
2,LE2 2FH
2,LE2 2LE
2,LE2 2LF
2,LE2 3JW
2,LE2 4RL
2,LE2 6HB
2,LE2 9GZ
2,LE2 9HP
2,LE2 9PR
2,LE2 9QG
2,LE2 9RU
2,LE3 2FD
2,LE3 6PG
2,LE3 8JA
2,LE3 8JB
2,LE3 8JG
2,LE3 8LA
2,LE3 8LR
2,LE3 8NF
2,LE4 3BB
2,LE4 4BH
2,LE4 4DE
2,LE4 4DJ
2,LE4 7RL
2,LE4 9JN
2,LE4 9TB
2,LE4 9TD
2,LE5 1WJ
2,LE5 2NT
2,LE5 2PB
2,LE65 1RH
2,LE65 2TE
2,LE67 1PG
2,LE67 1TG
2,LE67 6PA
2,LE67 6PD
2,LE67 9PH
2,LE67 9PJ
2,LE67 9PR
2,LE67 9QB
2,LE67 9QD
2,LE67 9RE
2,LE7 3RX
2,LE7 4XG
2,LE7 4YS
2,LE7 7AG
2,LE7 7AJ
2,LE7 7JA
2,LE7 9DL
2,LE7 9JB
2,LE7 9SJ
2,LE7 9UF
2,LE8 0QE
2,LE8 5QU
2,LE8 5UA
2,LE8 5UE
2,LE9 1RH
2,LE9 2BE
2,LE9 2BW
2,LE9 3GP
2,LE9 4JU
2,LE9 6QD
2,LE9 7EF
2,LE9 7SP
2,LE9 7TJ
2,LE9 9JJ
2,LE9 9QU
2,LL11 5LP
2,LL11 5LR
2,LL11 5UL
2,LL11 5YP
2,LL12 0AN
2,LL12 9EF
2,LL12 9EP
2,LL12 9TS
2,LL14 5BH
2,LL14 5BU
2,LL16 5BS
2,LL16 5PD
2,LL16 5PE
2,LL16 5PR
2,LL16 5PS
2,LL16 5PT
2,LL16 5RU
2,LL16 5SP
2,LL17 0HH
2,LL17 0HN
2,LL18 6BT
2,LL18 6BY
2,LL18 6DF
2,LL18 6EP
2,LL20 7BU
2,LL20 7PT
2,LL20 7UP
2,LL20 7YL
2,LL20 7YR
2,LL21 0EU
2,LL21 0HA
2,LL21 0NT
2,LL21 0NW
2,LL21 0PF
2,LL21 0PG
2,LL21 0RN
2,LL21 0SB
2,LL21 0SD
2,LL21 0SG
2,LL21 0SY
2,LL21 9PG
2,LL21 9UP
2,LL22 9DA
2,LL22 9DU
2,LL22 9EB
2,LL22 9SB
2,LL33 0EH
2,LL33 0HR
2,LL57 3LZ
2,LN1 2JJ
2,LN1 2JN
2,LN2 2NF
2,LN2 4FH
2,LN2 4FP
2,LN2 4FY
2,LN2 4QX
2,LN2 4RF
2,LN2 4RG
2,LN2 4UN
2,LN4 1EF
2,LN5 8SP
2,LN5 9AF
2,LN6 0SB
2,LN6 3DH
2,LN6 3JZ
2,LN6 3QT
2,LN6 3RX
2,LN6 8HS
2,LN6 8SN
2,LN6 8SS
2,LN6 8ST
2,LN6 8SX
2,LN6 8SZ
2,LN6 8TD
2,LN6 9HD
2,LN7 6DQ
2,LN8 3RN
2,LN8 5JD
2,LN8 5JE
2,LN8 5JF
2,LN8 5SQ
2,LN8 6DU
2,LN8 6HZ
2,LS17 9LW
2,LS19 7DJ
2,LS19 7DX
2,LS21 2BS
2,LS21 2RW
2,LS22 5EF
2,LS22 6AA
2,LS24 9LT
2,LS25 3AU
2,LS25 5LJ
2,LS28 5RX
2,LS29 0DQ
2,LS29 0ER
2,LS29 0EU
2,LS29 0RQ
2,LS29 6BG
2,LS29 6JY
2,LU1 4LE
2,LU1 4LL
2,LU2 7AE
2,LU2 7EE
2,LU2 8DG
2,LU2 8LA
2,LU2 8PE
2,LU6 2NG
2,LU7 0EE
2,M11 4PE
2,M11 4PL
2,M15 4AL
2,M15 4BP
2,M15 5PW
2,M15 5QH
2,M19 1TF
2,M19 3JL
2,M22 5YA
2,M24 2AY
2,M25 0ES
2,M26 1FJ
2,M26 3BU
2,M26 3XU
2,M28 1AD
2,M32 8QD
2,M40 1QT
2,M40 3QH
2,M40 3RX
2,M43 6BE
2,M43 6TD
2,M7 1SL
2,M7 4BU
2,M7 4FE
2,M8 5EJ
2,M8 8DY
2,M9 7HW
2,ME1 3QJ
2,ME1 3QX
2,ME13 0JN
2,ME13 0JX
2,ME13 0LA
2,ME13 9EN
2,ME13 9EP
2,ME13 9RU
2,ME13 9RZ
2,ME14 3EG
2,ME14 3HH
2,ME16 9NT
2,ME17 2BT
2,ME17 2BU
2,ME17 2JN
2,ME17 2JP
2,ME18 5AB
2,ME18 5BT
2,ME18 5EB
2,ME18 5ED
2,ME18 5LF
2,ME20 7BT
2,ME20 7DH
2,ME20 7XA
2,ME3 7NT
2,ME3 8EU
2,ME5 8JP
2,ME5 8JR
2,ME5 8QL
2,ME5 8UD
2,ME5 9BY
2,ME5 9BZ
2,ME5 9DR
2,ME5 9EH
2,ME5 9EJ
2,ME5 9EL
2,ME5 9ER
2,ME5 9ES
2,ME5 9EX
2,ME5 9HJ
2,ME5 9JX
2,ME5 9LJ
2,ME5 9NP
2,ME5 9NW
2,ME5 9PH
2,ME5 9PL
2,ME8 8PS
2,ME9 0NN
2,ME9 7QE
2,ME9 7QJ
2,ME9 7RJ
2,ME9 7UY
2,ME9 7XA
2,ME9 8AT
2,MK16 0HZ
2,MK16 8LP
2,MK17 8AP
2,MK17 8AX
2,MK17 8NT
2,MK17 8NW
2,MK17 8NY
2,MK17 8RX
2,MK18 4AT
2,MK18 5PA
2,MK19 7DE
2,MK2 2UZ
2,MK43 9EE
2,MK43 9EF
2,MK43 9EJ
2,MK44 2AL
2,MK44 2LD
2,MK44 3QR
2,MK45 3FP
2,MK45 3FQ
2,MK45 3FR
2,MK45 3FS
2,MK45 3FT
2,MK45 3FU
2,MK45 3HT
2,MK46 4HX
2,ML12 6HB
2,ML12 6JJ
2,ML12 6QY
2,ML6 7RY
2,ML7 5QW
2,N1 0AZ
2,N1 7BL
2,N10 1ER
2,N10 1LR
2,N10 2HA
2,N11 2DE
2,N13 4TT
2,N14 5AJ
2,N14 5HD
2,N15 6LU
2,N15 6NB
2,N16 6TP
2,N16 6TS
2,N18 2RU
2,N2 0AR
2,N2 0AS
2,N2 0BS
2,N2 0BX
2,N2 0NL
2,N2 8AG
2,N2 9BJ
2,N2 9BN
2,N2 9JJ
2,N2 9PA
2,N22 5JD
2,N22 8NL
2,N22 8NN
2,N22 8QS
2,N22 8RE
2,N22 8YL
2,N22 8YP
2,N4 2DE
2,N4 4SS
2,N5 2JZ
2,N7 0DD
2,N7 9AH
2,N8 9EN
2,N8 9RD
2,NE10 8YB
2,NE13 6BS
2,NE15 9QT
2,NE15 9QU
2,NE16 5EG
2,NE16 5EQ
2,NE16 6NS
2,NE17 7AY
2,NE28 6SD
2,NE39 1DG
2,NE39 1NB
2,NE6 4NW
2,NE7 7TR
2,NE9 7YE
2,NE9 7YP
2,NG10 5AG
2,NG10 5AP
2,NG12 3FL
2,NG13 0AP
2,NG13 0GS
2,NG13 9HY
2,NG15 0BU
2,NG16 5BZ
2,NG16 6FF
2,NG16 6FH
2,NG16 6HW
2,NG16 6PN
2,NG17 3AH
2,NG18 5BJ
2,NG18 5BU
2,NG19 0JU
2,NG19 0JX
2,NG19 0LG
2,NG19 0LN
2,NG19 6PH
2,NG19 6PQ
2,NG19 7QB
2,NG19 7SQ
2,NG19 8RP
2,NG20 9DJ
2,NG20 9EZ
2,NG20 9JA
2,NG21 0BY
2,NG21 0ED
2,NG21 0EQ
2,NG21 0HF
2,NG21 0NZ
2,NG21 9AB
2,NG21 9AE
2,NG21 9AQ
2,NG22 0NE
2,NG22 9EY
2,NG23 5EA
2,NG23 5FF
2,NG23 5JZ
2,NG23 5NG
2,NG23 6RG
2,NG23 6TH
2,NG23 6TS
2,NG23 7HX
2,NG3 5QQ
2,NG3 6GR
2,NG3 6HG
2,NG3 6JP
2,NG3 6JR
2,NG3 6JS
2,NG3 6JW
2,NG3 6NB
2,NG3 7AJ
2,NG3 7HG
2,NG32 1LL
2,NG32 1QJ
2,NG32 3JP
2,NG32 3RJ
2,NG32 3RQ
2,NG33 5RD
2,NG34 0TF
2,NG34 8EY
2,NG4 1AP
2,NG4 1AR
2,NG4 1AS
2,NG4 1AU
2,NG4 1AX
2,NG5 3FW
2,NG5 5RT
2,NG5 6FX
2,NG5 6FZ
2,NG5 8NE
2,NG5 8SA
2,NG5 8SF
2,NG5 9JN
2,NG5 9PJ
2,NG6 7AB
2,NG6 7AY
2,NG6 7EA
2,NG6 8SS
2,NG6 8TE
2,NG6 8UN
2,NG6 8UR
2,NG6 8WA
2,NG6 8WD
2,NG6 8WH
2,NG8 2PD
2,NG8 2RQ
2,NG8 2RW
2,NG8 4DS
2,NG8 6AT
2,NG9 2RX
2,NG9 2TA
2,NG9 3FF
2,NG9 3HS
2,NG9 6EG
2,NN11 3TX
2,NN11 6DN
2,NN11 6YL
2,NN12 8TJ
2,NN12 8TL
2,NN13 5JZ
2,NN13 5SA
2,NN13 5TD
2,NN13 5TR
2,NN14 4AW
2,NN14 4NJ
2,NN15 5NT
2,NN17 3EN
2,NN2 8DZ
2,NN2 8LZ
2,NN29 7LD
2,NN29 7NP
2,NN4 6AN
2,NN4 6AP
2,NN4 6AR
2,NN4 9QS
2,NN6 6EZ
2,NN6 9QA
2,NN6 9RN
2,NN7 1NW
2,NN7 4DX
2,NN7 4LP
2,NN7 4RZ
2,NN9 5HW
2,NN9 6BE
2,NP10 9FZ
2,NP10 9GH
2,NP10 9GN
2,NP10 9GR
2,NP10 9SA
2,NP11 6JD
2,NP11 7FE
2,NP12 0RH
2,NP16 6LZ
2,NP18 1HR
2,NP18 1LP
2,NP18 1LQ
2,NP18 1LR
2,NP18 1PD
2,NP20 6QB
2,NP20 7AD
2,NP22 3AE
2,NP23 4BU
2,NP25 3SR
2,NP25 4LU
2,NP25 5RD
2,NP25 5RJ
2,NP25 5RL
2,NP26 3AY
2,NP26 3AZ
2,NP26 3BD
2,NP26 3DE
2,NP4 0JE
2,NP4 0JF
2,NP4 0JJ
2,NP4 0TU
2,NP4 8RD
2,NP4 8TS
2,NP44 2BZ
2,NP44 3EE
2,NP44 7AZ
2,NP7 0LW
2,NP7 0PU
2,NP7 7LS
2,NP7 7LT
2,NP7 7LW
2,NP7 7LY
2,NP8 1LG
2,NR1 2EB
2,NR10 4RQ
2,NR10 5JT
2,NR10 5JW
2,NR11 6NX
2,NR11 6RD
2,NR11 7DR
2,NR12 7AJ
2,NR13 3AS
2,NR13 3AT
2,NR16 1NF
2,NR16 1NH
2,NR20 3JF
2,NR20 3LD
2,NR20 3LW
2,NR20 5QY
2,NR20 5SQ
2,NR21 7HW
2,NR3 3QB
2,NR3 3QG
2,NR3 4DN
2,NR3 4DW
2,NR5 0DP
2,NR5 8TD
2,NR6 5AY
2,NR6 5DH
2,NR6 5DS
2,NR6 5EY
2,NR6 5EZ
2,NR6 6AG
2,NR6 7LR
2,NR7 0AH
2,NR7 0AW
2,NR7 0BH
2,NR7 0DG
2,NR7 0DH
2,NR7 0DN
2,NR7 0ES
2,NR7 8TQ
2,NR7 8TS
2,NR7 9NF
2,NR9 4ED
2,NR9 4PP
2,NR9 5AX
2,NR9 5BA
2,NR9 5BZ
2,NW1 4LH
2,NW10 5NJ
2,NW10 5NY
2,NW10 6RB
2,NW2 2BT
2,NW2 3EJ
2,NW2 3LS
2,NW3 7BS
2,NW3 7NL
2,NW3 7PP
2,NW8 6AT
2,NW9 6LE
2,OL10 2RE
2,OL12 0TQ
2,OL12 0TT
2,OL12 0UE
2,OL12 6BG
2,OL12 7HB
2,OL13 8RD
2,OL14 6XB
2,OL14 8NU
2,OL14 8SD
2,OL16 3SZ
2,OL16 4LQ
2,OL2 6UW
2,OL3 5UN
2,OL4 5RN
2,OL5 0RJ
2,OL5 9BN
2,OL6 9AA
2,OX11 6DA
2,OX11 6DE
2,OX11 6DG
2,OX11 6EQ
2,OX11 6ES
2,OX11 7HJ
2,OX11 9EE
2,OX14 4AJ
2,OX15 4JP
2,OX15 6DF
2,OX15 6HT
2,OX15 6LP
2,OX15 6LW
2,OX17 1BS
2,OX17 1DS
2,OX17 2JU
2,OX17 3NY
2,OX17 3WS
2,OX2 8JR
2,OX25 5QQ
2,OX27 7SL
2,OX29 4EB
2,OX29 7QD
2,OX3 8BX
2,OX3 8SZ
2,OX39 4AB
2,OX39 4BH
2,OX39 4BN
2,OX39 4BQ
2,OX39 4BX
2,OX5 2RE
2,OX5 2RG
2,OX7 4AT
2,OX7 4BD
2,OX9 3RU
2,PA10 2QA
2,PA11 3SG
2,PA13 4PD
2,PA13 4SA
2,PA14 6TG
2,PA2 8UL
2,PE10 0DN
2,PE11 4LF
2,PE11 4NU
2,PE11 4SF
2,PE12 0QR
2,PE12 0QX
2,PE13 3RA
2,PE13 3RH
2,PE13 3TU
2,PE13 3UD
2,PE13 4AY
2,PE13 4PY
2,PE13 5LZ
2,PE13 5NA
2,PE13 5NG
2,PE13 5NH
2,PE13 5NN
2,PE13 5NP
2,PE13 5QD
2,PE13 5RF
2,PE14 0DG
2,PE14 0LG
2,PE14 7AA
2,PE14 7AL
2,PE14 7JH
2,PE14 7JS
2,PE14 7JT
2,PE14 8BG
2,PE14 9AP
2,PE14 9AR
2,PE14 9HG
2,PE14 9JD
2,PE14 9JT
2,PE14 9PG
2,PE14 9PN
2,PE14 9SF
2,PE14 9SG
2,PE14 9SH
2,PE14 9SN
2,PE14 9SP
2,PE14 9TB
2,PE14 9TG
2,PE16 6TQ
2,PE19 5BJ
2,PE19 6YQ
2,PE19 8EN
2,PE20 3AD
2,PE20 3PZ
2,PE20 3QA
2,PE22 0RJ
2,PE22 0RL
2,PE22 7BE
2,PE22 7BG
2,PE22 9RL
2,PE26 2TP
2,PE26 2TS
2,PE26 2TT
2,PE26 2UF
2,PE26 2XR
2,PE26 2XU
2,PE28 0LH
2,PE28 2UE
2,PE28 3DP
2,PE28 9HY
2,PE28 9PA
2,PE31 8SA
2,PE32 1JD
2,PE32 1TE
2,PE32 1UD
2,PE32 2BT
2,PE32 2BZ
2,PE33 9QH
2,PE34 4HL
2,PE38 0PW
2,PE6 0AA
2,PE6 0AB
2,PE6 0PE
2,PE6 0PH
2,PE6 7RR
2,PE6 8RW
2,PE6 9QB
2,PE6 9QF
2,PE7 2NE
2,PE7 2PP
2,PE7 3AU
2,PE7 3DT
2,PE7 3GF
2,PE7 3QT
2,PE7 3UP
2,PE8 6NX
2,PE8 6RJ
2,PE9 2JW
2,PE9 2XY
2,PE9 3AD
2,PE9 4BB
2,PE9 4EE
2,PE9 4JJ
2,PH11 8HJ
2,PH11 8LZ
2,PH11 8NA
2,PH12 8RB
2,PH12 8SL
2,PH12 8SW
2,PH13 9JT
2,PH13 9JU
2,PH13 9JZ
2,PH14 9SZ
2,PH26 3PU
2,PL15 9QX
2,PL15 9RG
2,PL15 9SX
2,PL20 6SG
2,PL5 4LD
2,PL6 7BQ
2,PL6 7BZ
2,PL6 7JP
2,PL7 1UE
2,PL7 4SR
2,PL7 5JX
2,PL7 5JY
2,PL9 8DE
2,PL9 8EF
2,PO13 9PA
2,PO15 6QT
2,PO15 7FE
2,PO16 8JH
2,PO17 6AR
2,PO18 0LQ
2,PO20 3TT
2,PO6 4QE
2,PO7 5AT
2,PO7 5BS
2,PO7 5RT
2,PO7 7BN
2,PO7 7FG
2,PO7 7FL
2,PO7 7FR
2,PO7 7GA
2,PO7 7GB
2,PO7 7GE
2,PO7 7GZ
2,PO7 7LF
2,PO7 7QF
2,PO7 7UY
2,PO8 0SD
2,PO8 9BJ
2,PO8 9BL
2,PO8 9DB
2,PO8 9DE
2,PO8 9DN
2,PO8 9DW
2,PO8 9LD
2,PO8 9QH
2,PO8 9QS
2,PO8 9QU
2,PO8 9QX
2,PO8 9RG
2,PO8 9RW
2,PO8 9SR
2,PO9 3LN
2,PO9 5NH
2,PO9 5NY
2,PO9 5NZ
2,PO9 6DP
2,PR25 1LE
2,PR25 5UD
2,PR26 7TA
2,PR26 8LB
2,PR26 9BA
2,PR3 0LD
2,PR3 0RN
2,PR3 0RP
2,PR3 0YQ
2,PR3 1US
2,PR3 2AB
2,PR3 2NA
2,PR3 2NT
2,PR3 2NX
2,PR3 2WL
2,PR3 3BJ
2,PR3 3BL
2,PR3 5AA
2,PR3 5AB
2,PR3 5AD
2,PR3 5DQ
2,PR4 0BH
2,PR4 0BQ
2,PR4 0DP
2,PR4 0HH
2,PR4 0RL
2,PR4 0RN
2,PR4 0RT
2,PR4 0RY
2,PR4 0TE
2,PR4 0XB
2,PR4 6HS
2,PR5 0DR
2,PR5 0ED
2,PR5 0JD
2,PR5 0RA
2,PR5 0RS
2,PR5 6AQ
2,PR5 8JP
2,PR7 5NT
2,PR7 7AE
2,PR7 7AG
2,PR7 7AH
2,PR7 7AN
2,PR7 7AR
2,PR7 7AW
2,PR7 7BX
2,PR7 7BY
2,PR7 7DU
2,PR7 7EA
2,PR7 7ED
2,PR7 7GW
2,PR7 7HS
2,PR8 3HG
2,PR8 3JG
2,PR8 3SY
2,PR8 4HX
2,PR9 8AF
2,RG10 8NL
2,RG10 8QJ
2,RG10 9UR
2,RG10 9XY
2,RG17 0SY
2,RG17 7UU
2,RG2 6AD
2,RG2 8HD
2,RG2 8JH
2,RG2 8JU
2,RG2 8PX
2,RG2 8QB
2,RG2 8QP
2,RG2 8QT
2,RG2 8SX
2,RG2 8SY
2,RG2 8TD
2,RG2 8TE
2,RG20 0BH
2,RG20 4HQ
2,RG20 4HS
2,RG20 4HT
2,RG27 0LW
2,RG27 0RA
2,RG27 8LH
2,RG27 9BH
2,RG27 9NJ
2,RG27 9NQ
2,RG28 7SD
2,RG29 1RG
2,RG30 3LT
2,RG30 3LX
2,RG30 3LZ
2,RG30 3NA
2,RG30 3UH
2,RG30 4JG
2,RG30 4JJ
2,RG31 4ER
2,RG31 4HA
2,RG31 4JQ
2,RG31 5BY
2,RG31 5DB
2,RG31 5DE
2,RG31 5DY
2,RG31 5EA
2,RG31 5HB
2,RG31 5HZ
2,RG31 5JJ
2,RG31 5LY
2,RG31 6LS
2,RG31 6LU
2,RG31 6ND
2,RG31 6NU
2,RG31 6PH
2,RG31 6PJ
2,RG31 6RS
2,RG31 6RT
2,RG4 7TQ
2,RG4 8QL
2,RG4 8XA
2,RG40 3DY
2,RG40 5RY
2,RG42 4EG
2,RG42 5NY
2,RG42 5PA
2,RG42 5QH
2,RG42 6HJ
2,RG45 6AA
2,RG45 6AQ
2,RG45 6AX
2,RG45 6DU
2,RG45 6DZ
2,RG45 6EN
2,RG45 6ER
2,RG45 6ES
2,RG45 6EU
2,RG45 6HB
2,RG45 6JB
2,RG45 6JG
2,RG45 6JJ
2,RG45 6NF
2,RG45 6NR
2,RG45 6PD
2,RG45 6PE
2,RG45 6RG
2,RG6 1EY
2,RG6 6JN
2,RG6 7BT
2,RG7 1HX
2,RG7 1JN
2,RG7 1SH
2,RG7 1XS
2,RG7 2JY
2,RG7 2PB
2,RG7 2PD
2,RG7 4RN
2,RG9 3JD
2,RG9 4HB
2,RG9 6HG
2,RG9 6HU
2,RG9 6HY
2,RG9 6LB
2,RG9 6LH
2,RG9 6LQ
2,RH1 3DB
2,RH1 3QN
2,RH1 4ER
2,RH10 3EZ
2,RH10 3JL
2,RH10 3RE
2,RH10 4SU
2,RH10 4SW
2,RH11 0NU
2,RH11 0TH
2,RH11 0TP
2,RH11 0UB
2,RH11 0UD
2,RH11 9AJ
2,RH12 3AL
2,RH12 3AW
2,RH12 3SD
2,RH12 4PY
2,RH12 4PZ
2,RH12 4RR
2,RH13 6NY
2,RH14 0PB
2,RH14 0RP
2,RH14 0RS
2,RH15 0RJ
2,RH15 0RP
2,RH15 0RT
2,RH15 0SE
2,RH15 0SS
2,RH15 0ST
2,RH16 4RX
2,RH17 5SD
2,RH17 5TB
2,RH17 5TE
2,RH17 6DT
2,RH17 6EZ
2,RH17 7DG
2,RH17 7DQ
2,RH17 7HP
2,RH17 7HQ
2,RH17 7NG
2,RH17 7NW
2,RH17 7QZ
2,RH17 7SR
2,RH17 7SX
2,RH19 2AW
2,RH19 2EE
2,RH19 2JJ
2,RH19 2NR
2,RH19 2NT
2,RH19 2PP
2,RH19 2PS
2,RH19 2QE
2,RH19 2QQ
2,RH19 3NR
2,RH19 3TQ
2,RH19 4HP
2,RH2 8PY
2,RH2 8RD
2,RH20 1HA
2,RH20 1NH
2,RH20 1NJ
2,RH20 4BA
2,RH3 7AD
2,RH5 5JP
2,RH5 5QA
2,RH5 6ND
2,RH5 6NS
2,RH5 6NU
2,RH5 6PT
2,RH5 6SS
2,RH5 6SU
2,RH5 6SX
2,RH6 0BJ
2,RH6 0BT
2,RH6 0DR
2,RH6 0EB
2,RH6 0HJ
2,RH6 0HN
2,RH6 0HR
2,RH6 9ST
2,RH6 9TE
2,RH6 9TL
2,RM14 2XB
2,RM14 3PB
2,RM14 3TD
2,RM4 1HR
2,RM4 1HS
2,RM4 1JU
2,RM5 2BH
2,RM6 4BE
2,RM6 5AA
2,RM6 5BH
2,RM6 5SX
2,RM6 5UB
2,RM7 0RJ
2,RM7 0RP
2,RM7 0RR
2,RM7 0TJ
2,RM7 0TL
2,RM7 0UP
2,RM7 0UR
2,RM8 1XR
2,S12 3GB
2,S12 3XF
2,S13 9NA
2,S13 9WA
2,S17 4HE
2,S18 4DB
2,S18 7TB
2,S20 1AH
2,S21 1BQ
2,S21 2DS
2,S21 3UL
2,S21 3UW
2,S21 3YH
2,S21 4EJ
2,S21 4FH
2,S21 5RP
2,S33 0BG
2,S33 9HG
2,S33 9JT
2,S35 0BN
2,S35 0HN
2,S35 4LG
2,S35 7DA
2,S35 9XJ
2,S36 2BS
2,S36 4GW
2,S36 4GY
2,S40 3JQ
2,S40 3NY
2,S41 9RP
2,S41 9RQ
2,S41 9RW
2,S42 5SY
2,S42 7AA
2,S42 7DE
2,S42 7JE
2,S42 7LD
2,S42 7LP
2,S42 7LT
2,S43 3DH
2,S43 3DJ
2,S44 5JS
2,S45 0LP
2,S45 8DQ
2,S45 8EN
2,S60 5RT
2,S63 0HT
2,S65 4LX
2,S72 9EZ
2,S73 0XB
2,S74 9BU
2,S75 5BU
2,S75 5JE
2,S8 8BA
2,S8 8BG
2,S8 8JA
2,S80 3DZ
2,S80 3LL
2,S80 4HT
2,S81 8BQ
2,SA1 8QB
2,SA10 8PP
2,SA10 9LU
2,SA18 1PA
2,SA18 1YU
2,SA19 8PX
2,SA34 0NJ
2,SA34 0NP
2,SA34 0QU
2,SA34 0XU
2,SA34 0XX
2,SA34 0XY
2,SA34 0YL
2,SA34 0YP
2,SA35 0DA
2,SA35 0DD
2,SA35 0DG
2,SA37 0EX
2,SA37 0LQ
2,SA38 9LZ
2,SA38 9NA
2,SA38 9RR
2,SA39 9DN
2,SA39 9LT
2,SA43 3DS
2,SA43 3NL
2,SA43 3NP
2,SA44 5BD
2,SA48 8HJ
2,SA48 8HL
2,SA48 8HN
2,SA48 8HU
2,SA66 7PN
2,SA66 7PX
2,SA66 7UT
2,SA66 7XH
2,SA8 4DA
2,SA8 4RN
2,SA8 4RT
2,SA8 4RU
2,SA9 2FA
2,SA9 2XG
2,SA9 2XH
2,SA9 2XR
2,SA9 2YQ
2,SE1 7QZ
2,SE10 8EU
2,SE11 4AS
2,SE11 4RU
2,SE11 4TE
2,SE11 4TQ
2,SE12 8AL
2,SE12 8AN
2,SE12 9AW
2,SE12 9EX
2,SE12 9EY
2,SE12 9EZ
2,SE12 9LE
2,SE12 9PN
2,SE12 9PP
2,SE13 7LH
2,SE13 7NL
2,SE14 5BT
2,SE15 1NL
2,SE15 2DX
2,SE15 2HU
2,SE16 3LD
2,SE16 3LP
2,SE19 1PA
2,SE19 1RX
2,SE19 1SS
2,SE19 2JA
2,SE19 2UQ
2,SE19 2XE
2,SE2 9RH
2,SE21 8AU
2,SE21 8BW
2,SE21 8JJ
2,SE21 8LX
2,SE24 9AA
2,SE25 4NE
2,SE26 5AQ
2,SE26 5BA
2,SE26 5HR
2,SE26 5HU
2,SE26 5LF
2,SE26 5LJ
2,SE26 6DP
2,SE26 6DX
2,SE26 6HB
2,SE3 9RT
2,SE5 0SE
2,SE5 8DX
2,SE5 9JP
2,SE5 9LB
2,SE5 9LH
2,SE5 9LL
2,SE5 9PU
2,SE5 9QR
2,SE8 4HH
2,SE8 5AP
2,SE8 5DT
2,SE8 5DW
2,SE9 2EZ
2,SE9 2HA
2,SE9 3PP
2,SE9 3UA
2,SE9 3UH
2,SE9 4BS
2,SE9 4BZ
2,SE9 4HY
2,SE9 4RQ
2,SG1 2DP
2,SG1 2JE
2,SG12 8EP
2,SG12 8EW
2,SG13 7NZ
2,SG13 8QA
2,SG13 8QN
2,SG19 2BP
2,SG19 2HT
2,SG19 2JH
2,SG19 2JJ
2,SG19 3EB
2,SG2 7HN
2,SG2 7PX
2,SG3 6HG
2,SG3 6QZ
2,SG4 8SR
2,SG5 3HB
2,SG5 3HX
2,SG5 3UA
2,SG6 4JS
2,SG7 5JG
2,SG7 5RW
2,SG7 6SD
2,SG9 9RD
2,SK11 0BQ
2,SK11 0PB
2,SK11 0QE
2,SK11 0RE
2,SK12 1DS
2,SK12 1DY
2,SK12 1ED
2,SK12 2LL
2,SK12 2NF
2,SK14 3AD
2,SK14 3AE
2,SK14 3AG
2,SK17 0AD
2,SK17 0DB
2,SK17 0EN
2,SK17 0EP
2,SK17 0RH
2,SK17 0RP
2,SK17 0RW
2,SK17 0TG
2,SK17 0TJ
2,SK17 0TL
2,SK17 8GA
2,SK17 8SN
2,SK17 9PY
2,SK17 9QG
2,SK22 3LL
2,SK23 7BS
2,SK23 7EH
2,SK5 6QG
2,SK5 6QR
2,SK5 6QW
2,SK5 6RB
2,SK5 6TA
2,SK6 5RX
2,SK6 7GN
2,SK7 1RF
2,SK8 3UA
2,SK8 4JQ
2,SK8 6QE
2,SL1 8PD
2,SL2 1LU
2,SL2 3AE
2,SL2 5QR
2,SL3 7LT
2,SL3 9AD
2,SL4 2DP
2,SL4 2HP
2,SL4 2HR
2,SL4 2JL
2,SL4 4QQ
2,SL4 4RR
2,SL4 6HL
2,SL4 6PX
2,SL5 0JZ
2,SL5 0LD
2,SL5 0LE
2,SL5 7RU
2,SL5 7SD
2,SL5 8AB
2,SL5 8AE
2,SL5 8AQ
2,SL5 8EF
2,SL5 8QD
2,SL5 8TE
2,SL5 9JN
2,SL5 9JP
2,SL5 9JZ
2,SL5 9LG
2,SL5 9LQ
2,SL5 9RS
2,SL5 9RZ
2,SL6 0JA
2,SL6 0PQ
2,SL9 0PX
2,SL9 8JD
2,SL9 8JL
2,SL9 8JR
2,SL9 8LG
2,SL9 8LN
2,SL9 8LW
2,SM2 7HJ
2,SM2 7HQ
2,SM2 7NA
2,SM2 7NB
2,SM3 9EN
2,SM3 9HE
2,SM3 9PA
2,SM4 4PD
2,SM4 4PE
2,SM4 4SE
2,SM4 5QL
2,SM4 6BP
2,SM4 6JU
2,SM4 6LS
2,SM4 6PT
2,SM4 6QB
2,SM4 6QE
2,SM4 6SG
2,SM7 1QE
2,SM7 1RB
2,SM7 3AU
2,SM7 3BE
2,SM7 3HR
2,SM7 3JA
2,SM7 3JE
2,SN4 0QH
2,SN4 0QZ
2,SN4 9LX
2,SN4 9QP
2,SN5 3PN
2,SN5 5PL
2,SN6 6LL
2,SN6 6LW
2,SN6 7PZ
2,SN6 8HZ
2,SN6 8JJ
2,SN7 8RF
2,SN8 3QZ
2,SN8 3RJ
2,SO16 0XN
2,SO16 0XS
2,SO16 0YR
2,SO16 3DQ
2,SO16 3NE
2,SO16 3NF
2,SO16 3TT
2,SO16 7HE
2,SO16 7LR
2,SO16 8AD
2,SO16 9JX
2,SO18 2FG
2,SO18 2GF
2,SO18 3DB
2,SO18 3HW
2,SO18 3RR
2,SO18 5BR
2,SO18 5BS
2,SO18 5FW
2,SO18 5TN
2,SO19 6FW
2,SO20 6HP
2,SO21 2HY
2,SO21 2LD
2,SO21 2LE
2,SO21 3AN
2,SO21 3BD
2,SO21 3LB
2,SO21 3NE
2,SO21 3RA
2,SO24 0BB
2,SO24 0BG
2,SO24 9RJ
2,SO24 9SQ
2,SO24 9TJ
2,SO31 1BQ
2,SO31 1BR
2,SO32 1HF
2,SO32 1HH
2,SO32 2BW
2,SO43 7JJ
2,SO50 4LS
2,SO50 9HT
2,SO51 0QJ
2,SO51 0QT
2,SO51 6AE
2,SO51 6AP
2,SO51 6AS
2,SO51 6BH
2,SO51 6BN
2,SO51 6FS
2,SO51 6FT
2,SO51 6FU
2,SO53 3PB
2,SO53 3PL
2,SO53 3PN
2,SO53 3PT
2,SO53 4AG
2,SO53 4AH
2,SO53 4QP
2,SO53 4QR
2,SO53 4SA
2,SO53 4SL
2,SO53 5QD
2,SP11 0ET
2,SP11 0SL
2,SP11 9HZ
2,SP4 0DR
2,SP4 0EG
2,SP5 1BY
2,SP5 1ES
2,SP5 1EX
2,SP5 1JA
2,SP5 1JL
2,SP5 1JQ
2,SP5 1QD
2,SP5 2BG
2,SP5 2NH
2,SP5 2PX
2,SP5 5PX
2,SP5 5QB
2,SP6 2NP
2,SP6 2NR
2,SP6 3BT
2,SP6 3EB
2,SP6 3EE
2,SP6 3PE
2,SP7 8BX
2,SP7 9HD
2,SP7 9HQ
2,SP8 5PB
2,SS11 7EE
2,SS11 7EP
2,SS11 7ES
2,SS11 7HB
2,SS11 7HW
2,SS11 7LX
2,SS11 7ND
2,SS15 6DR
2,SS16 5JR
2,SS16 5JT
2,SS16 5JY
2,SS17 9HG
2,SS2 6FW
2,SS3 0QE
2,SS3 9TW
2,SS6 7UA
2,SS7 2EE
2,SS9 2GB
2,SS9 3PX
2,SS9 3QE
2,SS9 3RA
2,SS9 3RB
2,SS9 3RE
2,SS9 3RF
2,SS9 3RG
2,SS9 3RH
2,SS9 3RN
2,SS9 3TP
2,SS9 3TS
2,SS9 3TT
2,SS9 3TU
2,SS9 3TY
2,SS9 4SQ
2,SS9 4TE
2,SS9 5AT
2,SS9 5BP
2,SS9 5BU
2,SS9 5BW
2,SS9 5QT
2,ST10 3BT
2,ST10 3BY
2,ST10 3HD
2,ST10 4AY
2,ST10 4BN
2,ST10 4HF
2,ST10 4HN
2,ST10 4NF
2,ST10 4NQ
2,ST10 4PB
2,ST10 4PF
2,ST11 9HQ
2,ST11 9HY
2,ST11 9JG
2,ST12 9EW
2,ST12 9HR
2,ST14 5EE
2,ST14 8SA
2,ST15 8SL
2,ST17 0QN
2,ST17 0RA
2,ST17 0SH
2,ST17 0SU
2,ST18 0EL
2,ST18 9AH
2,ST18 9ED
2,ST19 5QL
2,ST19 9AP
2,ST19 9AR
2,ST2 7NA
2,ST2 7NG
2,ST2 8LY
2,ST2 8ND
2,ST2 8NE
2,ST2 9DR
2,ST20 0RQ
2,ST21 6RE
2,ST3 3DS
2,ST3 3LD
2,ST3 4AB
2,ST3 5BJ
2,ST3 5BQ
2,ST3 6HP
2,ST3 7BH
2,ST3 7EA
2,ST3 7EB
2,ST3 7NN
2,ST4 6AL
2,ST4 6BT
2,ST4 6DA
2,ST4 6DB
2,ST5 1DN
2,ST5 1JT
2,ST5 4BN
2,ST5 4BP
2,ST5 4BY
2,ST5 4DH
2,ST5 4DN
2,ST5 4FD
2,ST5 4HE
2,ST5 4HH
2,ST5 4HL
2,ST5 5JT
2,ST6 4QN
2,ST6 8SW
2,ST6 8UL
2,ST7 1TZ
2,ST7 2UX
2,ST7 3ND
2,ST7 3NZ
2,ST7 3PG
2,ST7 3PJ
2,ST7 3PP
2,ST7 3PX
2,ST7 4NH
2,ST7 4NJ
2,ST7 4PG
2,ST8 6PG
2,ST8 7QB
2,SW15 1LB
2,SW15 3SA
2,SW15 5JR
2,SW15 5JY
2,SW16 3BY
2,SW16 3JF
2,SW16 4QB
2,SW16 4TT
2,SW16 4TU
2,SW16 5QW
2,SW16 5YR
2,SW16 6LY
2,SW17 9HW
2,SW17 9JQ
2,SW17 9QP
2,SW18 4RL
2,SW18 4RR
2,SW19 5NL
2,SW7 1HX
2,SW8 3DH
2,SW8 3EH
2,SW8 3RY
2,SW8 4HR
2,SW8 4TP
2,SW8 4UB
2,SY10 7HU
2,SY10 7JF
2,SY10 7JJ
2,SY10 7ND
2,SY10 7NP
2,SY10 7PS
2,SY10 8LB
2,SY10 9BS
2,SY10 9BU
2,SY10 9JG
2,SY10 9JQ
2,SY12 0NG
2,SY12 0QB
2,SY13 2LF
2,SY13 2LG
2,SY13 2LH
2,SY13 2LT
2,SY13 2PB
2,SY13 4HG
2,SY13 4JE
2,SY13 4LA
2,SY13 4LZ
2,SY13 4NB
2,SY13 4QJ
2,SY13 4RE
2,SY14 7AN
2,SY14 7AW
2,SY14 7JR
2,SY14 7JX
2,SY14 7LN
2,SY14 7NE
2,SY14 8LL
2,SY14 8LN
2,SY15 6AT
2,SY15 6AU
2,SY15 6DF
2,SY15 6DS
2,SY15 6EB
2,SY15 6SP
2,SY15 6SR
2,SY15 6SY
2,SY15 6TR
2,SY15 6TY
2,SY15 6TZ
2,SY15 6UB
2,SY15 6UL
2,SY20 8PY
2,SY20 8QG
2,SY20 8UA
2,SY20 9EN
2,SY20 9HR
2,SY20 9QG
2,SY20 9RR
2,SY20 9RT
2,SY20 9RZ
2,SY20 9TF
2,SY21 8EG
2,SY21 8EN
2,SY21 8JL
2,SY21 8JY
2,SY21 8JZ
2,SY22 6EA
2,SY22 6JY
2,SY22 6QY
2,SY22 6TN
2,SY22 6TW
2,SY23 3LE
2,SY24 5HL
2,SY25 6NR
2,SY4 4BY
2,SY4 4GB
2,SY4 4RF
2,SY4 4RG
2,SY4 4RL
2,SY4 4RQ
2,SY4 5NN
2,SY5 0JH
2,SY5 0JJ
2,SY5 0JP
2,SY5 0JW
2,SY5 6RY
2,SY5 9AN
2,SY5 9DP
2,SY7 0EW
2,SY7 8PR
2,SY8 2HD
2,SY8 2JQ
2,SY8 2LB
2,SY8 4AR
2,SY8 4AU
2,SY8 4AW
2,SY8 4DY
2,SY8 4ET
2,SY9 5JL
2,SY9 5JP
2,SY9 5JW
2,TA11 6DF
2,TA11 6DG
2,TA11 6DQ
2,TA11 6DR
2,TA11 7DS
2,TA18 8PL
2,TA19 9NN
2,TA2 8HS
2,TA2 8RF
2,TA2 8RP
2,TA20 3ER
2,TA20 3QH
2,TA20 3QW
2,TA20 3QX
2,TA20 4QR
2,TA21 0LX
2,TA21 0LY
2,TA21 9PA
2,TA22 9RW
2,TA22 9RZ
2,TA3 5AU
2,TA3 6AF
2,TA3 6AW
2,TA3 6DW
2,TA3 6PS
2,TA3 6QY
2,TA3 6TP
2,TA3 6UF
2,TA3 7PL
2,TA3 7PT
2,TA4 2BE
2,TA4 2QN
2,TA4 2RW
2,TA4 3HD
2,TA4 3HE
2,TA4 3QD
2,TA4 3SL
2,TA5 1AR
2,TA5 1JH
2,TA5 1TS
2,TA5 2EJ
2,TA7 0JD
2,TA7 0PT
2,TA7 0RQ
2,TA7 0RW
2,TA7 9BN
2,TA7 9QW
2,TD11 3PF
2,TD11 3SN
2,TD13 5XE
2,TD13 5XF
2,TD13 5YN
2,TD15 1SZ
2,TD15 1UY
2,TD15 1UZ
2,TD5 8BW
2,TD7 5LJ
2,TD9 0TU
2,TF10 8AW
2,TF10 8AZ
2,TF10 8DN
2,TF10 8DR
2,TF10 8EG
2,TF10 8NF
2,TF10 8NL
2,TF10 9AN
2,TF10 9AP
2,TF10 9AR
2,TF10 9BY
2,TF11 8JH
2,TF11 8JQ
2,TF11 8PX
2,TF11 9NJ
2,TF11 9PT
2,TF2 7QN
2,TF2 9PA
2,TF6 5EP
2,TF6 5ER
2,TF6 6PN
2,TF6 6PS
2,TF6 6RF
2,TF6 6RS
2,TF8 7BN
2,TF8 7JD
2,TF8 7JF
2,TF8 7JT
2,TF8 7JX
2,TF8 7LA
2,TF8 7LE
2,TF8 7LT
2,TF8 7ND
2,TF9 2AQ
2,TF9 2DW
2,TF9 2PG
2,TF9 3SY
2,TF9 4AL
2,TF9 4HS
2,TF9 4NL
2,TF9 4QJ
2,TF9 4QL
2,TN11 0NE
2,TN11 0NF
2,TN11 0NH
2,TN11 0QU
2,TN11 8AA
2,TN11 8NR
2,TN11 8PE
2,TN11 9AR
2,TN11 9BA
2,TN12 0HP
2,TN12 0HQ
2,TN12 5NB
2,TN12 6NS
2,TN12 6PA
2,TN12 6PH
2,TN12 6PJ
2,TN12 6PY
2,TN14 7HR
2,TN14 7HW
2,TN14 7NL
2,TN14 7NY
2,TN14 7PA
2,TN14 7PQ
2,TN15 0ES
2,TN15 0EX
2,TN15 0HB
2,TN15 0SG
2,TN15 0SQ
2,TN15 6NL
2,TN15 7ED
2,TN15 7EG
2,TN15 7JL
2,TN15 7PJ
2,TN15 9DS
2,TN16 2EG
2,TN16 2EQ
2,TN16 2ES
2,TN16 2HW
2,TN16 2NL
2,TN16 2NP
2,TN17 2BT
2,TN17 2BZ
2,TN17 2DT
2,TN17 4BD
2,TN17 4JB
2,TN18 4XH
2,TN18 4XL
2,TN18 4XP
2,TN18 4XR
2,TN18 5PH
2,TN18 5PJ
2,TN19 7JN
2,TN19 7NE
2,TN2 5HU
2,TN2 5JH
2,TN2 5LU
2,TN21 9JA
2,TN21 9LY
2,TN21 9NN
2,TN21 9NS
2,TN22 3QU
2,TN22 3XG
2,TN22 5UB
2,TN25 5HP
2,TN25 5JF
2,TN25 6AQ
2,TN25 6AT
2,TN25 6AX
2,TN25 7BX
2,TN25 7LH
2,TN26 2DG
2,TN27 0HH
2,TN27 0HJ
2,TN27 8HA
2,TN27 8HE
2,TN27 8LD
2,TN27 8LE
2,TN27 8LF
2,TN27 8LN
2,TN27 8LW
2,TN27 9BP
2,TN27 9BU
2,TN27 9HP
2,TN27 9HX
2,TN27 9JJ
2,TN29 0EL
2,TN3 0JY
2,TN3 0LN
2,TN3 0PH
2,TN3 0RD
2,TN3 8BG
2,TN3 8JH
2,TN3 9AG
2,TN3 9ET
2,TN3 9JL
2,TN3 9JN
2,TN33 9LE
2,TN34 2RN
2,TN34 2RR
2,TN34 2RW
2,TN34 2RY
2,TN35 4AA
2,TN35 4NN
2,TN35 4NY
2,TN35 4PB
2,TN35 5DR
2,TN37 7LZ
2,TN37 7NE
2,TN37 7NG
2,TN38 8EA
2,TN38 8EG
2,TN39 5JJ
2,TN39 5JL
2,TN39 5JN
2,TN4 0UH
2,TN4 0UQ
2,TN40 2JU
2,TN5 6ND
2,TN5 6QU
2,TN5 7PL
2,TN5 7PT
2,TN5 7QG
2,TN8 5QU
2,TN8 6QU
2,TN8 6SZ
2,TN8 7DX
2,TN8 7JP
2,TQ1 4TD
2,TQ1 4TN
2,TQ1 4TP
2,TQ11 0EG
2,TQ11 0HN
2,TQ11 0JR
2,TQ11 0LW
2,TQ12 5UQ
2,TQ13 7JH
2,TQ13 7NW
2,TQ13 7PS
2,TQ13 7TY
2,TQ2 7HX
2,TQ2 7JF
2,TQ2 8JS
2,TQ2 8JT
2,TQ3 1RN
2,TQ3 1SY
2,TQ5 0EH
2,TQ9 6NG
2,TS13 4TP
2,TS13 4TR
2,TS21 1BL
2,TS21 1BW
2,TS21 1LQ
2,TS21 1NF
2,TS22 5NQ
2,TS22 5NR
2,TS22 5RZ
2,TS27 3ES
2,TS3 8AT
2,TS7 0BG
2,TS7 0PD
2,TS8 9BZ
2,TS8 9DY
2,TS8 9EB
2,TS9 7LE
2,TS9 7LQ
2,TW1 1DG
2,TW10 5HQ
2,TW12 3PE
2,TW15 1AS
2,TW16 6AS
2,TW17 9LW
2,TW19 5NW
2,TW19 6BN
2,TW20 0YB
2,TW3 2EP
2,TW7 7HG
2,TW7 7HH
2,UB2 4JS
2,UB2 5QY
2,UB2 5RJ
2,UB5 4AY
2,UB5 4BW
2,UB5 4BZ
2,UB5 4DA
2,UB5 4DB
2,UB5 4DE
2,UB5 6FA
2,UB5 6FD
2,UB5 6LH
2,UB5 6RD
2,UB7 7EZ
2,UB9 4BT
2,W10 4AH
2,W10 5LL
2,W10 6QL
2,W11 1AB
2,W11 4BE
2,W12 9ED
2,W1T 1NW
2,W1T 2EL
2,W2 4LY
2,W2 4LZ
2,W2 4TD
2,W2 4TJ
2,W3 7TH
2,W4 2NL
2,W4 2PU
2,W5 4RH
2,W6 0XF
2,W6 0XJ
2,W9 2EX
2,W9 3JP
2,WA12 0HY
2,WA13 0TN
2,WA13 0TS
2,WA13 0UA
2,WA13 0UB
2,WA13 9JX
2,WA14 4TJ
2,WA15 0RD
2,WA16 9PY
2,WA16 9PZ
2,WA16 9QS
2,WA16 9QT
2,WA2 8ST
2,WA3 4AU
2,WA3 4BA
2,WA4 4DS
2,WA4 4JY
2,WA4 4RG
2,WA7 3EW
2,WA8 3UR
2,WA8 4NQ
2,WA8 4NX
2,WC2B 5AA
2,WC2B 5RH
2,WC2H 9BJ
2,WC2H 9HJ
2,WD17 3TU
2,WD19 4AR
2,WD19 4HY
2,WD19 4NL
2,WD19 4NN
2,WD19 4NP
2,WD19 4TS
2,WD23 1JG
2,WD23 1JQ
2,WD23 1PA
2,WD23 2FN
2,WD23 2NB
2,WD23 2ND
2,WD25 0LB
2,WD25 7AN
2,WD25 7AR
2,WD25 7AY
2,WD25 7AZ
2,WD25 7BA
2,WD25 7BJ
2,WD25 7BQ
2,WD25 7GH
2,WD25 7JG
2,WD25 7SN
2,WD25 7SR
2,WD25 7SS
2,WD25 9AA
2,WD25 9AP
2,WD25 9NT
2,WD25 9NU
2,WD25 9NX
2,WD25 9PA
2,WD25 9RJ
2,WD3 1PS
2,WD3 1PZ
2,WD3 3GG
2,WD3 5PJ
2,WD3 5QA
2,WD3 5QB
2,WD3 6EA
2,WD3 6EU
2,WD4 8DZ
2,WD4 8HP
2,WD4 9BX
2,WD4 9DF
2,WD6 2RP
2,WD6 2RW
2,WD7 9HJ
2,WF11 0BB
2,WF12 7JJ
2,WF12 7QZ
2,WF12 7SW
2,WF12 8LL
2,WF12 8PX
2,WF17 0BL
2,WF2 0SR
2,WF4 4BA
2,WF4 4LG
2,WF4 4PZ
2,WF5 9QF
2,WF5 9QJ
2,WF8 3HZ
2,WF8 3JF
2,WN1 2UH
2,WN4 0NG
2,WN5 7AH
2,WN5 7EZ
2,WN5 7JA
2,WN5 7JB
2,WN5 7XR
2,WN5 8TR
2,WN5 8TS
2,WN5 8UL
2,WN5 8UN
2,WN6 9ET
2,WN6 9LN
2,WN6 9RA
2,WN6 9RR
2,WN8 9QL
2,WR11 4UH
2,WR11 7HF
2,WR11 7QA
2,WR11 7QF
2,WR11 7QH
2,WR12 7HH
2,WR12 7JQ
2,WR12 7JT
2,WR12 7JY
2,WR12 7LB
2,WR12 7LD
2,WR13 5EZ
2,WR13 5HA
2,WR13 5HB
2,WR13 6JJ
2,WR14 4DL
2,WR14 4DW
2,WR14 4EL
2,WR15 8HH
2,WR15 8LZ
2,WR15 8NA
2,WR15 8NB
2,WR15 8NY
2,WR15 8PN
2,WR15 8QB
2,WR15 8QH
2,WR15 8QR
2,WR15 8QS
2,WR15 8RT
2,WR15 8TL
2,WR15 8TW
2,WR2 5SJ
2,WR2 6AS
2,WR2 6JS
2,WR2 6RG
2,WR3 7QF
2,WR5 1RU
2,WR5 2NN
2,WR5 2NU
2,WR5 2NY
2,WR5 2PD
2,WR5 2QB
2,WR5 3QH
2,WR5 3TB
2,WR5 3TE
2,WR5 3TH
2,WR5 3TS
2,WR6 5DT
2,WR6 5EJ
2,WR6 5RB
2,WR6 6AF
2,WR6 6AG
2,WR6 6AH
2,WR6 6BQ
2,WR6 6BS
2,WR6 6EF
2,WR6 6EP
2,WR6 6EZ
2,WR6 6HE
2,WR6 6HH
2,WR6 6NW
2,WR6 6UG
2,WR8 9DG
2,WR8 9DT
2,WR8 9LA
2,WR9 0NF
2,WR9 0NS
2,WS10 7BJ
2,WS10 7RF
2,WS10 7SF
2,WS10 7SW
2,WS10 9JE
2,WS10 9RE
2,WS10 9RG
2,WS10 9RH
2,WS11 1PY
2,WS11 1RF
2,WS11 1SJ
2,WS11 1SN
2,WS11 1ST
2,WS11 8LX
2,WS11 9SN
2,WS12 4PT
2,WS14 0QG
2,WS15 1ED
2,WS15 1PX
2,WS15 2TT
2,WS15 2TU
2,WS15 3HA
2,WS15 3NS
2,WS15 4JJ
2,WS15 4RU
2,WS3 3PZ
2,WS5 4DS
2,WS5 4DU
2,WS8 6LH
2,WS8 7NJ
2,WS9 9HJ
2,WV10 7EE
2,WV10 8NZ
2,WV11 2DU
2,WV11 2DX
2,WV11 2EA
2,WV11 2HX
2,WV11 2HY
2,WV11 3TT
2,WV12 5UJ
2,WV12 5YL
2,WV13 2JH
2,WV13 2JL
2,WV13 2JT
2,WV14 7BL
2,WV14 8NW
2,WV14 8TZ
2,WV14 9AA
2,WV14 9EU
2,WV14 9EX
2,WV14 9PU
2,WV14 9RH
2,WV15 6EJ
2,WV15 6EQ
2,WV15 6EW
2,WV3 7LH
2,WV3 8NA
2,WV4 4TJ
2,WV4 4UA
2,WV4 5HT
2,WV4 5JJ
2,WV4 5LD
2,WV4 5LG
2,WV5 7AX
2,WV6 7DZ
2,WV6 7EH
2,WV6 7HY
2,WV6 7HZ
2,WV6 8DA
2,WV6 8DD
2,WV6 8EU
2,WV6 8TX
2,WV6 8UA
2,WV6 9QG
2,WV7 3AH
2,WV7 3AS
2,WV8 1QT
2,WV8 1RG
2,WV9 5SH
2,YO11 3UJ
2,YO12 4NW
2,YO13 9PN
2,YO13 9PS
2,YO16 6XH
2,YO19 5XS
2,YO19 6BQ
2,YO21 2SF
2,YO23 2PY
2,YO23 2UZ
2,YO23 3PP
2,YO25 3AG
2,YO25 3BN
2,YO25 3XU
2,YO25 9SD
2,YO32 2RG
2,YO32 2RQ
2,YO32 5TU
2,YO32 5TW
2,YO41 1AH
2,YO41 1NE
2,YO41 1QX
2,YO61 1EF
2,YO61 1ES
2,YO62 4DL
2,YO62 4JA
2,YO7 2HA
3,BB1 4AG
3,CF35 5HY
3,CF72 8NU
3,CF83 1NG
3,HR8 1SE
3,LN6 4RY
3,NP11 5BG
3,NW10 5NU
3,PR3 1UT
3,RH12 3AP
3,S6 6GL
3,TA20 3RU
3,TF9 2SH
3,WV14 8TU
